make,model,year,mileage_km,engine_cc,fuel_type,transmission,body_type,city,price_pkr
Nissan,Note,2012,237859.0,1200,CNG,Manual,Hatchback,Rawalpindi,496000
Suzuki,Margalla,2014,147806.0,1300,CNG,Manual,Sedan,Rawalpindi,913000
Toyota,Passo,2006,265881.0,1000,CNG,Automatic,Hatchback,Quetta,480000
Toyota,Yaris,2022,61579.0,1300,Petrol,Automatic,Sedan,Hyderabad,3961000
MG,HS,2018,98152.0,1500,Petrol,Automatic,SUV,Karachi,4213000
Suzuki,Cultus,2024,50489.0,1000,CNG,Manual,Hatchback,Peshawar,3497000
Kia,Stonic,2007,233959.0,1400,Petrol,Manual,SUV,Faisalabad,971000
Hyundai,Elantra,2019,101385.0,1600,Petrol,Automatic,Sedan,Sialkot,3596000
Suzuki,Mehran,2010,234200.0,800,Petrol,Manual,Hatchback,Rawalpindi,400000
Toyota,Corolla,2008,233138.0,1600,Petrol,Automatic,Sedan,Faisalabad,1247000
Suzuki,Jimny,2018,83762.0,1500,Petrol,Automatic,SUV,Quetta,3403000
Changan,Alsvin,2013,179561.0,1400,CNG,Automatic,Sedan,Peshawar,1207000
Suzuki,Mehran,2022,81740.0,800,CNG,Manual,Hatchback,Karachi,1479000
Suzuki,Bolan,2013,181216.0,800,Petrol,Manual,Van,Islamabad,551000
Daihatsu,Move,2021,39824.0,660,Petrol,Manual,Hatchback,Karachi,2370000
Toyota,LandCruiser,2022,79186.0,3300,Petrol,Automatic,SUV,Lahore,32111000
Hyundai,Santro,2004,287525.0,1000,Petrol,Manual,Hatchback,Multan,433000
Suzuki,Mehran,2013,108041.0,800,CNG,Manual,Hatchback,Faisalabad,829000
Nissan,Note,2024,24031.0,1200,CNG,Automatic,Hatchback,Karachi,1482000
Toyota,Corolla,2023,3000.0,1600,Petrol,Manual,Sedan,Lahore,5959000
Honda,City,2019,87266.0,1500,CNG,Manual,Sedan,Quetta,2702000
Changan,Oshan,2011,213610.0,1500,Petrol,Manual,SUV,Lahore,1964000
Toyota,Prius,2023,15927.0,1800,Hybrid,Automatic,Hybrid,Faisalabad,5465000
Toyota,Prius,2019,100465.0,1800,Hybrid,Automatic,Hybrid,Multan,2623000
Suzuki,Margalla,2016,138292.0,1300,Petrol,Manual,Sedan,Hyderabad,1286000
Kia,Stonic,2005,317087.0,1400,Petrol,Manual,SUV,Peshawar,751000
Toyota,Hilux,2007,254957.0,2800,Petrol,Automatic,Pickup,Multan,1725000
MG,ZS,2008,234980.0,1500,Diesel,Manual,SUV,Quetta,1254000
Suzuki,Margalla,2017,77653.0,1300,Petrol,Automatic,Sedan,Multan,1917000
Suzuki,Margalla,2011,209772.0,1300,Petrol,Manual,Sedan,Quetta,676000
Suzuki,Ravi,2021,33888.0,800,Petrol,Manual,Pickup,Multan,1250000
Kia,Sportage,2022,83523.0,2000,Petrol,Automatic,SUV,Lahore,6020000
Toyota,Yaris,2022,66489.0,1300,CNG,Manual,Sedan,Lahore,3170000
Toyota,Aqua,2017,122216.0,1500,Hybrid,Automatic,Hybrid,Islamabad,1857000
Honda,Accord,2018,168298.0,2400,CNG,Automatic,Sedan,Sialkot,1406000
Toyota,Corolla,2023,61224.0,1600,CNG,Manual,Sedan,Rawalpindi,5443000
Honda,BRV,2009,199711.0,1500,Petrol,Manual,SUV,Rawalpindi,1423000
Suzuki,Alto,2019,128495.0,660,CNG,Manual,Hatchback,Peshawar,1216000
Hyundai,Tucson,2013,137717.0,2000,Diesel,Automatic,SUV,Hyderabad,3157000
Toyota,LandCruiser,2016,165577.0,3300,Petrol,Automatic,SUV,Sialkot,17765000
Toyota,Corolla,2022,67023.0,1600,Petrol,Manual,Sedan,Islamabad,5037000
Toyota,Vitz,2017,101794.0,1000,Petrol,Manual,Hatchback,Lahore,1421000
Toyota,Corolla,2010,180369.0,1600,Petrol,Manual,Sedan,Lahore,1357000
Suzuki,Jimny,2008,251663.0,1500,Petrol,Automatic,SUV,Hyderabad,1157000
Honda,BRV,2024,45812.0,1500,Diesel,Manual,SUV,Lahore,5980000
Honda,City,2012,186516.0,1500,Petrol,Manual,Sedan,Hyderabad,1412000
Honda,Accord,2018,54978.0,2400,Petrol,Manual,Sedan,Quetta,1787000
Suzuki,Bolan,2006,257547.0,800,CNG,Manual,Van,Multan,400000
MG,ZS,2009,213419.0,1500,Petrol,Manual,SUV,Rawalpindi,1278000
Proton,X70,2008,280053.0,1500,Diesel,Automatic,SUV,Lahore,1501000
MG,ZS,2010,216755.0,1500,Diesel,Manual,SUV,Rawalpindi,1346000
Suzuki,Liana,2017,92472.0,1300,CNG,Automatic,Sedan,Lahore,1417000
Kia,Picanto,2020,96326.0,1000,Petrol,Manual,Hatchback,Lahore,2208000
Toyota,Prius,2012,161665.0,1800,Hybrid,Automatic,Hybrid,Peshawar,1540000
Suzuki,Ravi,2016,121596.0,800,Diesel,Manual,Pickup,Peshawar,794000
Kia,Sportage,2011,165967.0,2000,Diesel,Automatic,SUV,Lahore,2556000
Hyundai,Sonata,2019,108845.0,2000,Petrol,Manual,Sedan,Quetta,4955000
Suzuki,Ravi,2005,274509.0,800,Petrol,Manual,Pickup,Lahore,400000
Honda,Vezel,2021,59077.0,1500,Hybrid,Automatic,Hybrid,Sialkot,3909000
Suzuki,Liana,2022,61081.0,1300,CNG,Manual,Sedan,Karachi,2536000
Proton,Saga,2017,68636.0,1300,CNG,Automatic,Sedan,Peshawar,1447000
Kia,Stonic,2005,278804.0,1400,Petrol,Manual,SUV,Hyderabad,910000
Proton,X70,2012,193627.0,1500,Petrol,Automatic,SUV,Rawalpindi,2057000
Honda,Accord,2008,272232.0,2400,CNG,Automatic,Sedan,Quetta,665000
Hyundai,Elantra,2008,247962.0,1600,CNG,Manual,Sedan,Lahore,1412000
Toyota,Prado,2006,217400.0,2700,Diesel,Automatic,SUV,Quetta,4275000
Suzuki,Margalla,2017,134981.0,1300,Petrol,Manual,Sedan,Multan,1284000
Honda,City,2020,58186.0,1500,Petrol,Manual,Sedan,Rawalpindi,3368000
Honda,HRV,2023,49193.0,1500,Diesel,Automatic,SUV,Hyderabad,6157000
Honda,Vezel,2007,263963.0,1500,Hybrid,Automatic,Hybrid,Rawalpindi,1086000
Daihatsu,Move,2008,234363.0,660,Petrol,Manual,Hatchback,Sialkot,582000
Honda,City,2015,136121.0,1500,Petrol,Manual,Sedan,Islamabad,2041000
Kia,Picanto,2008,204948.0,1000,Petrol,Automatic,Hatchback,Rawalpindi,704000
Toyota,Fortuner,2018,120472.0,2800,Petrol,Automatic,SUV,Hyderabad,8177000
Toyota,LandCruiser,2009,208877.0,3300,Petrol,Automatic,SUV,Peshawar,9747000
Honda,City,2020,85912.0,1500,Petrol,Manual,Sedan,Hyderabad,3633000
Honda,HRV,2015,144663.0,1500,Petrol,Manual,SUV,Karachi,2267000
Suzuki,Baleno,2013,175971.0,1300,Petrol,Manual,Hatchback,Islamabad,822000
Toyota,Yaris,2010,224083.0,1300,CNG,Manual,Sedan,Rawalpindi,1066000
Kia,Sportage,2024,10454.0,2000,Petrol,Automatic,SUV,Karachi,8107000
Suzuki,WagonR,2018,108137.0,1000,Petrol,Automatic,Hatchback,Hyderabad,1644000
Nissan,Note,2023,43273.0,1200,CNG,Manual,Hatchback,Lahore,1433000
Honda,Accord,2017,116231.0,2400,CNG,Automatic,Sedan,Islamabad,1543000
Hyundai,Tucson,2015,121987.0,2000,Petrol,Automatic,SUV,Karachi,3781000
Changan,Alsvin,2011,175641.0,1400,Petrol,Manual,Sedan,Islamabad,905000
Honda,City,2021,42643.0,1500,Petrol,Manual,Sedan,Faisalabad,3239000
Toyota,Passo,2018,103070.0,1000,Petrol,Automatic,Hatchback,Sialkot,1494000
Hyundai,Elantra,2008,297374.0,1600,Petrol,Manual,Sedan,Karachi,1382000
Toyota,Prado,2021,40452.0,2700,Petrol,Automatic,SUV,Faisalabad,17927000
Toyota,Premio,2020,73724.0,1800,CNG,Automatic,Sedan,Karachi,2263000
Toyota,Yaris,2024,3000.0,1300,Petrol,Automatic,Sedan,Multan,4905000
Hyundai,Elantra,2019,76903.0,1600,Petrol,Manual,Sedan,Karachi,4107000
Honda,City,2013,193536.0,1500,CNG,Automatic,Sedan,Multan,1717000
Nissan,Dayz,2016,124083.0,660,Petrol,Manual,Hatchback,Faisalabad,872000
Suzuki,Khyber,2023,52578.0,1000,CNG,Automatic,Hatchback,Faisalabad,1878000
Suzuki,Ravi,2017,118065.0,800,Petrol,Manual,Pickup,Faisalabad,768000
Kia,Sportage,2006,241772.0,2000,Diesel,Automatic,SUV,Islamabad,1396000
Suzuki,Vitara,2004,274064.0,1600,Petrol,Automatic,SUV,Multan,1034000
Toyota,Prado,2020,129317.0,2700,Petrol,Automatic,SUV,Peshawar,13031000
Nissan,Note,2007,249288.0,1200,Petrol,Automatic,Hatchback,Rawalpindi,523000
Daihatsu,Move,2014,154980.0,660,CNG,Manual,Hatchback,Sialkot,953000
Toyota,LandCruiser,2015,143347.0,3300,Diesel,Automatic,SUV,Quetta,16768000
Changan,Oshan,2024,23412.0,1500,Diesel,Automatic,SUV,Rawalpindi,8127000
Toyota,Aqua,2018,111507.0,1500,Hybrid,Automatic,Hybrid,Faisalabad,1930000
Suzuki,Swift,2010,220128.0,1200,CNG,Automatic,Hatchback,Karachi,965000
Honda,HRV,2007,254977.0,1500,Diesel,Manual,SUV,Rawalpindi,1297000
Toyota,Aqua,2006,287984.0,1500,Hybrid,Automatic,Hybrid,Sialkot,694000
Suzuki,WagonR,2010,237690.0,1000,Petrol,Manual,Hatchback,Multan,737000
Toyota,Vitz,2011,173984.0,1000,Petrol,Manual,Hatchback,Karachi,841000
Suzuki,Ravi,2018,117955.0,800,Petrol,Manual,Pickup,Hyderabad,872000
Changan,Alsvin,2005,294961.0,1400,CNG,Manual,Sedan,Islamabad,583000
Suzuki,Margalla,2016,92437.0,1300,Petrol,Automatic,Sedan,Multan,1854000
Daihatsu,Mira,2014,179270.0,660,CNG,Manual,Hatchback,Karachi,846000
Honda,Vezel,2014,154473.0,1500,Hybrid,Automatic,Hybrid,Quetta,1896000
Honda,Vezel,2004,,1500,Hybrid,Automatic,Hybrid,Rawalpindi,924000
Suzuki,WagonR,2010,217308.0,1000,CNG,Manual,Hatchback,Multan,801000
Hyundai,Sonata,2019,109637.0,2000,CNG,Automatic,Sedan,Quetta,5096000
Kia,Stonic,2011,181652.0,1400,Petrol,Automatic,SUV,Karachi,1316000
Toyota,LandCruiser,2017,112011.0,3300,Petrol,Automatic,SUV,Sialkot,21455000
Honda,BRV,2011,202437.0,1500,Diesel,Manual,SUV,Sialkot,1635000
Honda,City,2020,85912.0,1500,Petrol,Manual,Sedan,Hyderabad,3633000
Honda,Accord,2009,212430.0,2400,Petrol,Automatic,Sedan,Sialkot,828000
Daihatsu,Move,2019,130398.0,660,Petrol,Manual,Hatchback,Karachi,1322000
MG,HS,2009,260384.0,1500,Diesel,Manual,SUV,Quetta,1905000
Suzuki,Alto,2012,201543.0,660,CNG,Manual,Hatchback,Quetta,718000
Suzuki,Jimny,2016,117635.0,1500,Petrol,Manual,SUV,Multan,2242000
Toyota,Hilux,2022,48954.0,2800,Petrol,Automatic,Pickup,Hyderabad,9425000
Hyundai,Sonata,2008,219842.0,2000,Petrol,Manual,Sedan,Faisalabad,2116000
Suzuki,Alto,2018,158646.0,660,CNG,Manual,Hatchback,Islamabad,1139000
Suzuki,Khyber,2013,105519.0,1000,CNG,Automatic,Hatchback,Multan,615000
Hyundai,Tucson,2016,113075.0,2000,Petrol,Automatic,SUV,Quetta,3611000
Honda,Vezel,2019,118499.0,1500,Hybrid,Automatic,Hybrid,Islamabad,2816000
Suzuki,Khyber,2020,70193.0,1000,Petrol,Manual,Hatchback,Karachi,1209000
Suzuki,Mehran,2016,148983.0,800,CNG,Manual,Hatchback,Hyderabad,765000
Toyota,Prado,2008,271043.0,2700,Diesel,Automatic,SUV,Peshawar,5638000
Kia,Picanto,2015,,1000,CNG,Manual,Hatchback,Rawalpindi,1434000
Nissan,Note,2004,281568.0,1200,Petrol,Manual,Hatchback,Sialkot,438000
Toyota,Yaris,2014,179388.0,1300,Petrol,Automatic,Sedan,Lahore,1523000
Hyundai,Santro,2021,32204.0,1000,CNG,Automatic,Hatchback,Sialkot,2099000
Kia,Sorento,2006,283185.0,2500,Diesel,Automatic,SUV,Hyderabad,2013000
Hyundai,Elantra,2019,112763.0,1600,Petrol,Automatic,Sedan,Peshawar,4131000
Kia,Picanto,2012,166129.0,1000,Petrol,Automatic,Hatchback,Islamabad,1005000
Kia,Sportage,2011,205694.0,2000,Petrol,Automatic,SUV,Faisalabad,2103000
Suzuki,Liana,2007,222754.0,1300,Petrol,Manual,Sedan,Karachi,659000
Hyundai,Santro,2019,74291.0,1000,CNG,Manual,Hatchback,Peshawar,1675000
Proton,Saga,2017,114847.0,1300,Petrol,Automatic,Sedan,Peshawar,1674000
Toyota,Aqua,2022,101529.0,1500,Hybrid,Automatic,Hybrid,Islamabad,2625000
Suzuki,Alto,2004,284476.0,660,CNG,Manual,Hatchback,Lahore,400000
Hyundai,Elantra,2007,253762.0,1600,CNG,Automatic,Sedan,Lahore,1367000
Hyundai,Elantra,2005,268740.0,1600,Petrol,Manual,Sedan,Multan,1103000
Toyota,Premio,2006,248739.0,1800,CNG,Automatic,Sedan,Karachi,703000
Suzuki,Margalla,2018,134820.0,1300,CNG,Manual,Sedan,Karachi,1380000
Chery,Tiggo8,2014,154291.0,1600,Diesel,Manual,SUV,Multan,2588000
Toyota,LandCruiser,2016,207547.0,3300,Diesel,Automatic,SUV,Sialkot,16406000
Suzuki,Swift,2024,23389.0,1200,Petrol,Manual,Hatchback,Sialkot,3902000
Suzuki,Cultus,2007,255921.0,1000,CNG,Manual,Hatchback,Rawalpindi,600000
Honda,HRV,2017,107167.0,1500,Petrol,Automatic,SUV,Faisalabad,3660000
Hyundai,Elantra,2009,220985.0,1600,Petrol,Automatic,Sedan,Sialkot,1591000
Honda,BRV,2008,255513.0,1500,Petrol,Automatic,SUV,Rawalpindi,1251000
Suzuki,Margalla,2018,88990.0,1300,Petrol,Manual,Sedan,Karachi,1625000
Suzuki,Cultus,2014,154648.0,1000,Petrol,Manual,Hatchback,Faisalabad,1172000
Toyota,Premio,2012,181414.0,1800,Petrol,Automatic,Sedan,Islamabad,1022000
Hyundai,Elantra,2021,73815.0,1600,CNG,Automatic,Sedan,Karachi,4547000
Toyota,Premio,2015,138766.0,1800,Petrol,Automatic,Sedan,Islamabad,1373000
Suzuki,Alto,2008,177982.0,660,CNG,Manual,Hatchback,Karachi,493000
Suzuki,Cultus,2022,,1000,CNG,Manual,Hatchback,Sialkot,2253000
MG,HS,2015,154971.0,1500,Diesel,Manual,SUV,Quetta,3183000
Suzuki,WagonR,2006,248317.0,1000,Petrol,Automatic,Hatchback,Multan,495000
Proton,X70,2020,111954.0,1500,Diesel,Manual,SUV,Faisalabad,4035000
Toyota,Vitz,2010,211655.0,1000,Petrol,Automatic,Hatchback,Karachi,751000
Honda,City,2004,277993.0,1500,Petrol,Automatic,Sedan,Islamabad,756000
Toyota,LandCruiser,2022,80937.0,3300,Diesel,Automatic,SUV,Quetta,30749000
Suzuki,Bolan,2009,265022.0,800,Petrol,Manual,Van,Faisalabad,415000
Suzuki,Alto,2014,168475.0,660,CNG,Manual,Hatchback,Karachi,796000
Toyota,Fortuner,2004,288535.0,2800,Petrol,Automatic,SUV,Peshawar,2574000
Honda,Accord,2010,216928.0,2400,Petrol,Manual,Sedan,Faisalabad,698000
Suzuki,Liana,2015,164614.0,1300,Petrol,Manual,Sedan,Peshawar,1154000
Honda,HRV,2017,71738.0,1500,Petrol,Automatic,SUV,Hyderabad,4234000
Toyota,Passo,2011,170270.0,1000,CNG,Automatic,Hatchback,Lahore,849000
Chery,Tiggo8,2017,109266.0,1600,Diesel,Manual,SUV,Faisalabad,3746000
Suzuki,Vitara,2024,3000.0,1600,Diesel,Manual,SUV,Hyderabad,6064000
Toyota,LandCruiser,2012,188363.0,3300,Diesel,Automatic,SUV,Hyderabad,11813000
Proton,X70,2016,106461.0,1500,Petrol,Manual,SUV,Sialkot,3338000
Suzuki,Alto,2011,188902.0,660,Petrol,Manual,Hatchback,Lahore,592000
Suzuki,Baleno,2005,244796.0,1300,Petrol,Manual,Hatchback,Faisalabad,484000
Honda,BRV,2018,126445.0,1500,Diesel,Automatic,SUV,Lahore,3190000
Kia,Sportage,2016,97108.0,2000,Diesel,Automatic,SUV,Islamabad,3887000
Nissan,Dayz,2019,102298.0,660,Petrol,Manual,Hatchback,Peshawar,1146000
Hyundai,Sonata,2019,81359.0,2000,CNG,Automatic,Sedan,Islamabad,6156000
Chery,Tiggo4,2012,165221.0,1500,Petrol,Manual,SUV,Faisalabad,1144000
Suzuki,Baleno,2008,236843.0,1300,CNG,Manual,Hatchback,Karachi,511000
Suzuki,Vitara,2013,202409.0,1600,Diesel,Automatic,SUV,Quetta,1790000
Suzuki,Baleno,2011,149107.0,1300,CNG,Manual,Hatchback,Peshawar,771000
Nissan,Dayz,2011,195403.0,660,CNG,Manual,Hatchback,Islamabad,400000
Chery,Tiggo8,2005,302719.0,1600,Diesel,Manual,SUV,Faisalabad,1220000
Honda,HRV,2021,73973.0,1500,Diesel,Automatic,SUV,Rawalpindi,5643000
Honda,Civic,2010,205878.0,1500,Petrol,Automatic,Sedan,Faisalabad,1771000
Kia,Stonic,2020,80439.0,1400,Diesel,Automatic,SUV,Karachi,3424000
Hyundai,Tucson,2010,223168.0,2000,Diesel,Automatic,SUV,Hyderabad,2213000
Suzuki,Liana,2010,220307.0,1300,Petrol,Manual,Sedan,Peshawar,579000
Kia,Sportage,2004,253827.0,2000,Diesel,Automatic,SUV,Lahore,1329000
Suzuki,Ravi,2009,237915.0,800,Diesel,Manual,Pickup,Islamabad,419000
Changan,Alsvin,2016,126557.0,1400,Petrol,Automatic,Sedan,Peshawar,1432000
Honda,Vezel,2024,58426.0,1500,Hybrid,Automatic,Hybrid,Peshawar,4585000
Kia,Stonic,2005,264524.0,1400,Petrol,Manual,SUV,Karachi,747000
Proton,Saga,2018,113092.0,1300,Petrol,Manual,Sedan,Karachi,1395000
Suzuki,Khyber,2018,93708.0,1000,Petrol,Automatic,Hatchback,Quetta,962000
Suzuki,Baleno,2020,72557.0,1300,CNG,Automatic,Hatchback,Multan,1711000
Suzuki,Margalla,2017,133608.0,1300,Petrol,Automatic,Sedan,Multan,1478000
Changan,Oshan,2014,165294.0,1500,Petrol,Manual,SUV,Faisalabad,2332000
Toyota,Aqua,2021,103647.0,1500,Hybrid,Automatic,Hybrid,Islamabad,2808000
Toyota,Fortuner,2009,232153.0,2800,Petrol,Automatic,SUV,Islamabad,3883000
Hyundai,Santro,2022,22403.0,1000,Petrol,Automatic,Hatchback,Multan,2698000
Changan,Alsvin,2019,92105.0,1400,Petrol,Manual,Sedan,Rawalpindi,2071000
Suzuki,Mehran,2024,28134.0,800,Petrol,Manual,Hatchback,Sialkot,1717000
Suzuki,Cultus,2016,100187.0,1000,Petrol,Automatic,Hatchback,Hyderabad,1671000
Suzuki,Cultus,2015,141624.0,1000,Petrol,Manual,Hatchback,Karachi,1235000
Honda,BRV,2004,294044.0,1500,Petrol,Manual,SUV,Islamabad,1017000
Proton,Saga,2019,52015.0,1300,Petrol,Manual,Sedan,Rawalpindi,2266000
Proton,X70,2016,120541.0,1500,Petrol,Automatic,SUV,Faisalabad,3249000
Toyota,Premio,2023,3000.0,1800,CNG,Manual,Sedan,Rawalpindi,3534000
Toyota,Fortuner,2006,309383.0,2800,Diesel,Automatic,SUV,Multan,3106000
MG,ZS,2015,161152.0,1500,Petrol,Manual,SUV,Hyderabad,1988000
Toyota,LandCruiser,2009,189107.0,3300,Petrol,Automatic,SUV,Faisalabad,8870000
Honda,Vezel,2008,241400.0,1500,Hybrid,Automatic,Hybrid,Multan,1297000
Toyota,Fortuner,2020,98555.0,2800,Petrol,Automatic,SUV,Karachi,9925000
Kia,Picanto,2021,56627.0,1000,CNG,Automatic,Hatchback,Multan,2562000
Kia,Sportage,2016,121518.0,2000,Petrol,Automatic,SUV,Rawalpindi,3362000
Suzuki,Baleno,2013,187794.0,1300,CNG,Automatic,Hatchback,Sialkot,930000
Honda,HRV,2013,196114.0,1500,Diesel,Automatic,SUV,Peshawar,2037000
Honda,HRV,2013,183383.0,1500,Diesel,Manual,SUV,Peshawar,2002000
Changan,Oshan,2012,177709.0,1500,Diesel,Automatic,SUV,Islamabad,2061000
Hyundai,Tucson,2019,94256.0,2000,Petrol,Automatic,SUV,Rawalpindi,4700000
Honda,Vezel,2012,198057.0,1500,Hybrid,Automatic,Hybrid,Hyderabad,1372000
MG,HS,2010,160765.0,1500,Petrol,Automatic,SUV,Quetta,2450000
Nissan,Note,2014,139041.0,1200,CNG,Automatic,Hatchback,Peshawar,915000
Suzuki,WagonR,2016,141867.0,1000,CNG,Manual,Hatchback,Islamabad,1331000
Suzuki,Bolan,2007,271888.0,800,CNG,Manual,Van,Faisalabad,400000
Toyota,Vitz,2012,188175.0,1000,Petrol,Manual,Hatchback,Karachi,957000
Suzuki,Bolan,2017,63099.0,800,Petrol,Manual,Van,Peshawar,960000
Toyota,Premio,2007,222157.0,1800,Petrol,Automatic,Sedan,Rawalpindi,696000
Kia,Sorento,2023,60679.0,2500,Petrol,Automatic,SUV,Quetta,9906000
Chery,Tiggo4,2018,68332.0,1500,Diesel,Manual,SUV,Quetta,2487000
Toyota,Hilux,2012,223472.0,2800,Diesel,Automatic,Pickup,Sialkot,2813000
Proton,Saga,2010,197342.0,1300,CNG,Manual,Sedan,Hyderabad,767000
Suzuki,Ravi,2022,99844.0,800,Petrol,Manual,Pickup,Peshawar,1301000
Toyota,Hilux,2023,52564.0,2800,Diesel,Automatic,Pickup,Rawalpindi,9536000
Suzuki,Swift,2021,50139.0,1200,CNG,Manual,Hatchback,Hyderabad,2929000
Toyota,Yaris,2015,171520.0,1300,CNG,Automatic,Sedan,Quetta,1681000
Toyota,Passo,2023,75454.0,1000,Petrol,Automatic,Hatchback,Rawalpindi,2017000
Honda,Civic,2015,186285.0,1500,CNG,Automatic,Sedan,Multan,2564000
Hyundai,Elantra,2007,252430.0,1600,CNG,Manual,Sedan,Faisalabad,1178000
Honda,HRV,2004,301630.0,1500,Diesel,Automatic,SUV,Karachi,1046000
Daihatsu,Cuore,2005,269218.0,850,CNG,Manual,Hatchback,Multan,454000
Toyota,Vitz,2024,13977.0,1000,CNG,Manual,Hatchback,Quetta,3073000
Kia,Stonic,2010,213943.0,1400,Petrol,Manual,SUV,Multan,1227000
Honda,HRV,2022,66519.0,1500,Diesel,Automatic,SUV,Hyderabad,5222000
Kia,Picanto,2016,96491.0,1000,CNG,Automatic,Hatchback,Rawalpindi,1582000
Daihatsu,Mira,2013,170699.0,660,Petrol,Manual,Hatchback,Faisalabad,672000
Hyundai,Elantra,2021,61548.0,1600,CNG,Automatic,Sedan,Karachi,4339000
Chery,Tiggo4,2024,60061.0,1500,Diesel,Manual,SUV,Islamabad,4385000
Nissan,Dayz,2020,70897.0,660,CNG,Manual,Hatchback,Peshawar,1045000
Suzuki,Jimny,2005,322957.0,1500,Diesel,Automatic,SUV,Faisalabad,1063000
Suzuki,WagonR,2019,73311.0,1000,CNG,Manual,Hatchback,Lahore,1819000
Nissan,Dayz,2019,42531.0,660,Petrol,Manual,Hatchback,Peshawar,1338000
Suzuki,Jimny,2008,222611.0,1500,Petrol,Automatic,SUV,Faisalabad,1242000
Proton,X70,2023,6455.0,1500,Petrol,Automatic,SUV,Sialkot,7595000
Suzuki,WagonR,2010,191587.0,1000,Petrol,Automatic,Hatchback,Sialkot,779000
Honda,Accord,2022,74897.0,2400,Petrol,Automatic,Sedan,Hyderabad,2282000
Suzuki,Margalla,2005,291871.0,1300,Petrol,Manual,Sedan,Faisalabad,530000
Toyota,Hilux,2010,222082.0,2800,Diesel,Automatic,Pickup,Lahore,2757000
Suzuki,Bolan,2013,160601.0,800,Petrol,Manual,Van,Quetta,583000
Kia,Sorento,2010,188860.0,2500,Diesel,Automatic,SUV,Quetta,3279000
Suzuki,Alto,2020,97046.0,660,Petrol,Manual,Hatchback,Peshawar,1480000
Toyota,Prado,2006,273633.0,2700,Petrol,Automatic,SUV,Quetta,4523000
Suzuki,Swift,2017,91412.0,1200,Petrol,Automatic,Hatchback,Quetta,2347000
Honda,Accord,2018,89658.0,2400,Petrol,Manual,Sedan,Lahore,1777000
Suzuki,Swift,2012,167176.0,1200,Petrol,Manual,Hatchback,Faisalabad,1178000
Toyota,Aqua,2018,118242.0,1500,Hybrid,Automatic,Hybrid,Rawalpindi,2072000
Daihatsu,Cuore,2015,167654.0,850,Petrol,Manual,Hatchback,Multan,626000
Toyota,Aqua,2008,256192.0,1500,Hybrid,Automatic,Hybrid,Lahore,951000
Suzuki,Vitara,2009,183312.0,1600,Petrol,Manual,SUV,Rawalpindi,1259000
Toyota,Prado,2010,219721.0,2700,Diesel,Automatic,SUV,Multan,4752000
Honda,City,2013,201738.0,1500,CNG,Manual,Sedan,Rawalpindi,1388000
Suzuki,Cultus,2016,100073.0,1000,CNG,Automatic,Hatchback,Lahore,1663000
Suzuki,Bolan,2014,151469.0,800,Petrol,Manual,Van,Rawalpindi,666000
Suzuki,Khyber,2008,272797.0,1000,CNG,Manual,Hatchback,Quetta,400000
Toyota,Passo,2004,235802.0,1000,CNG,Manual,Hatchback,Multan,425000
Toyota,LandCruiser,2012,174130.0,3300,Petrol,Automatic,SUV,Sialkot,10979000
Changan,Alsvin,2014,138696.0,1400,CNG,Automatic,Sedan,Karachi,1469000
Suzuki,Margalla,2007,250308.0,1300,Petrol,Manual,Sedan,Rawalpindi,624000
Changan,Alsvin,2012,188240.0,1400,CNG,Manual,Sedan,Quetta,1093000
Kia,Sportage,2004,284323.0,2000,Petrol,Automatic,SUV,Sialkot,1359000
Suzuki,WagonR,2005,294476.0,1000,CNG,Manual,Hatchback,Faisalabad,522000
Suzuki,Khyber,2006,253793.0,1000,CNG,Manual,Hatchback,Hyderabad,400000
Toyota,LandCruiser,2012,190800.0,3300,Diesel,Automatic,SUV,Peshawar,12726000
Toyota,Hilux,2007,264541.0,2800,Petrol,Automatic,Pickup,Karachi,2003000
Suzuki,Jimny,2022,3000.0,1500,Diesel,Manual,SUV,Sialkot,5444000
Suzuki,Liana,2020,102890.0,1300,CNG,Manual,Sedan,Faisalabad,1550000
Suzuki,Bolan,2019,87313.0,800,Petrol,Manual,Van,Karachi,1045000
Chery,Tiggo8,2012,177125.0,1600,Diesel,Manual,SUV,Rawalpindi,2347000
Hyundai,Elantra,2015,185969.0,1600,Petrol,Manual,Sedan,Quetta,1887000
Kia,Stonic,2014,180572.0,1400,Diesel,Automatic,SUV,Sialkot,1820000
Proton,Saga,2008,189575.0,1300,Petrol,Manual,Sedan,Peshawar,696000
Chery,Tiggo4,2009,249381.0,1500,Diesel,Manual,SUV,Quetta,882000
Toyota,LandCruiser,2009,219007.0,3300,Diesel,Automatic,SUV,Rawalpindi,8946000
Toyota,Aqua,2011,206734.0,1500,Hybrid,Automatic,Hybrid,Peshawar,1112000
Suzuki,Baleno,2006,303019.0,1300,CNG,Automatic,Hatchback,Quetta,493000
Suzuki,Cultus,2008,244961.0,1000,Petrol,Manual,Hatchback,Peshawar,685000
Suzuki,WagonR,2020,91644.0,1000,CNG,Automatic,Hatchback,Sialkot,2043000
Nissan,Note,2023,33660.0,1200,CNG,Automatic,Hatchback,Hyderabad,1669000
Daihatsu,Cuore,2019,76509.0,850,Petrol,Manual,Hatchback,Quetta,1450000
Suzuki,Cultus,2015,139791.0,1000,Petrol,Automatic,Hatchback,Hyderabad,1333000
Suzuki,Margalla,2007,251678.0,1300,Petrol,Manual,Sedan,Rawalpindi,868000
Toyota,LandCruiser,2008,201124.0,3300,Petrol,Automatic,SUV,Peshawar,9120000
Changan,Oshan,2014,167993.0,1500,Diesel,Automatic,SUV,Islamabad,2864000
Suzuki,WagonR,2013,138300.0,1000,Petrol,Automatic,Hatchback,Multan,1143000
Nissan,Dayz,2006,253365.0,660,CNG,Manual,Hatchback,Hyderabad,412000
Toyota,Vitz,2022,62084.0,1000,Petrol,Manual,Hatchback,Lahore,2240000
Toyota,Yaris,2011,169447.0,1300,Petrol,Manual,Sedan,Multan,1312000
Nissan,Note,2004,252708.0,1200,CNG,Automatic,Hatchback,Multan,490000
Toyota,Vitz,2018,142665.0,1000,CNG,Automatic,Hatchback,Islamabad,1427000
Toyota,Vitz,2007,229998.0,1000,Petrol,Automatic,Hatchback,khi,600000
MG,HS,2012,170047.0,1500,Diesel,Manual,SUV,Sialkot,2493000
Honda,BRV,2006,258232.0,1500,Diesel,Automatic,SUV,Sialkot,1145000
Nissan,Note,2023,25554.0,1200,CNG,Manual,Hatchback,Quetta,1520000
Suzuki,Mehran,2005,292228.0,800,Petrol,Manual,Hatchback,Rawalpindi,400000
Kia,Sportage,2009,195162.0,2000,Diesel,Automatic,SUV,Quetta,1835000
Chery,Tiggo8,2005,,1600,Petrol,Automatic,SUV,Islamabad,1415000
Toyota,Yaris,2016,130743.0,1300,CNG,Automatic,Sedan,Quetta,2140000
Honda,Accord,2016,144568.0,2400,CNG,Manual,Sedan,Multan,1247000
Toyota,Corolla,2020,118685.0,1600,Petrol,Automatic,Sedan,Faisalabad,4359000
Suzuki,Vitara,2013,134430.0,1600,Diesel,Automatic,SUV,Peshawar,2251000
Suzuki,WagonR,2015,,1000,CNG,Automatic,Hatchback,Karachi,1359000
Honda,Civic,2015,132518.0,1500,CNG,Manual,Sedan,Karachi,2793000
Toyota,Hilux,2024,72321.0,2800,Petrol,Automatic,Pickup,Lahore,7657000
Toyota,Prado,2020,80783.0,2700,Petrol,Automatic,SUV,Faisalabad,16655000
Suzuki,Ravi,2005,273359.0,800,Diesel,Manual,Pickup,Multan,400000
Kia,Stonic,2017,139085.0,1400,Petrol,Automatic,SUV,Multan,2300000
Hyundai,Santro,2007,296372.0,1000,CNG,Manual,Hatchback,Multan,554000
Honda,Accord,2016,127562.0,2400,CNG,Manual,Sedan,Quetta,1299000
Suzuki,Baleno,2013,158367.0,1300,CNG,Manual,Hatchback,Lahore,855000
Suzuki,Alto,2007,240730.0,660,CNG,Manual,Hatchback,Hyderabad,498000
Daihatsu,Cuore,2013,161480.0,850,CNG,Automatic,Hatchback,Multan,642000
Toyota,Yaris,2018,62223.0,1300,CNG,Manual,Sedan,Multan,2423000
Suzuki,Swift,2006,229633.0,1200,CNG,Automatic,Hatchback,Faisalabad,704000
Suzuki,Mehran,2013,129322.0,800,Petrol,Manual,Hatchback,Peshawar,787000
Honda,City,2015,186590.0,1500,CNG,Automatic,Sedan,Multan,1672000
Suzuki,Cultus,2006,272403.0,1000,CNG,Automatic,Hatchback,Hyderabad,627000
Suzuki,Margalla,2014,130861.0,1300,CNG,Automatic,Sedan,Lahore,1293000
Suzuki,WagonR,2018,127434.0,1000,Petrol,Automatic,Hatchback,Karachi,1411000
Toyota,Corolla,2005,254003.0,1600,Petrol,Automatic,Sedan,Quetta,1024000
Toyota,Prius,2017,93734.0,1800,Hybrid,Automatic,Hybrid,Lahore,2721000
Suzuki,Alto,2015,127495.0,660,CNG,Manual,Hatchback,Sialkot,976000
Nissan,Dayz,2011,218534.0,660,Petrol,Manual,Hatchback,Faisalabad,400000
Kia,Sportage,2010,216206.0,2000,Petrol,Automatic,SUV,Hyderabad,1905000
Hyundai,Elantra,2018,97862.0,1600,Petrol,Automatic,Sedan,Lahore,3463000
Hyundai,Elantra,2024,3000.0,1600,Petrol,Automatic,Sedan,Lahore,7140000
Toyota,Hilux,2008,211227.0,2800,Diesel,Automatic,Pickup,Peshawar,2345000
Hyundai,Tucson,2007,225570.0,2000,Petrol,Automatic,SUV,Hyderabad,1436000
Suzuki,Baleno,2006,243432.0,1300,CNG,Manual,Hatchback,Karachi,460000
Suzuki,Swift,2012,183991.0,1200,Petrol,Manual,Hatchback,Quetta,1174000
Toyota,Passo,2022,35987.0,1000,Petrol,Manual,Hatchback,Islamabad,2157000
Hyundai,Elantra,2019,97119.0,1600,CNG,Automatic,Sedan,Multan,3364000
Suzuki,Vitara,2005,292444.0,1600,Diesel,Manual,SUV,Karachi,949000
Honda,BRV,2023,31049.0,1500,Diesel,Manual,SUV,Multan,6178000
Suzuki,WagonR,2005,296171.0,1000,CNG,Automatic,Hatchback,Islamabad,528000
Toyota,Prius,2022,71923.0,1800,Hybrid,Automatic,Hybrid,Islamabad,3994000
Toyota,Corolla,2010,184447.0,1600,CNG,Manual,Sedan,Quetta,1531000
Toyota,Prado,2014,171528.0,2700,Petrol,Automatic,SUV,Faisalabad,7364000
Honda,Civic,2008,258887.0,1500,CNG,Automatic,Sedan,Peshawar,1594000
Toyota,Fortuner,2006,269763.0,2800,Diesel,Automatic,SUV,Multan,3063000
Honda,City,2022,34646.0,1500,CNG,Automatic,Sedan,Rawalpindi,4510000
Toyota,Aqua,2007,272476.0,1500,Hybrid,Automatic,Hybrid,Karachi,806000
Suzuki,WagonR,2024,30140.0,1000,Petrol,Manual,Hatchback,Rawalpindi,2395000
Toyota,Fortuner,2018,94135.0,2800,Petrol,Automatic,SUV,Lahore,9012000
Suzuki,Liana,2019,117409.0,1300,CNG,Automatic,Sedan,Karachi,1472000
Toyota,Corolla,2013,222231.0,1600,Petrol,Automatic,Sedan,Islamabad,2226000
Suzuki,Liana,2012,134155.0,1300,Petrol,Automatic,Sedan,Multan,1187000
Daihatsu,Cuore,2018,77496.0,850,Petrol,Automatic,Hatchback,Karachi,944000
Honda,Accord,2006,240719.0,2400,CNG,Automatic,Sedan,Faisalabad,521000
Honda,Civic,2011,225322.0,1500,CNG,Automatic,Sedan,Faisalabad,1788000
Daihatsu,Move,2014,169571.0,660,Petrol,Manual,Hatchback,Hyderabad,837000
Toyota,Premio,2008,222824.0,1800,CNG,Manual,Sedan,Sialkot,669000
Toyota,Prius,2004,238855.0,1800,Hybrid,Automatic,Hybrid,Islamabad,886000
Toyota,Corolla,2023,48855.0,1600,Petrol,Automatic,Sedan,Lahore,5383000
Toyota,Fortuner,2021,3000.0,2800,Diesel,Automatic,SUV,Faisalabad,13744000
Honda,HRV,2012,186407.0,1500,Petrol,Automatic,SUV,Faisalabad,2083000
Toyota,Yaris,2014,151757.0,1300,CNG,Automatic,Sedan,Rawalpindi,1631000
Changan,Alsvin,2007,252141.0,1400,CNG,Manual,Sedan,Multan,633000
Kia,Picanto,2019,123398.0,1000,CNG,Manual,Hatchback,Quetta,1698000
Kia,Picanto,2014,199077.0,1000,CNG,Manual,Hatchback,Islamabad,1099000
Proton,X70,2005,229004.0,1500,Diesel,Manual,SUV,Rawalpindi,1091000
Suzuki,Baleno,2024,19498.0,1300,Petrol,Manual,Hatchback,Hyderabad,2461000
Toyota,Prado,2018,105854.0,2700,Diesel,Automatic,SUV,Lahore,12797000
Honda,Accord,2022,34662.0,2400,Petrol,Automatic,Sedan,Faisalabad,2706000
Toyota,Fortuner,2019,100925.0,2800,Petrol,Automatic,SUV,Multan,8804000
Honda,Civic,2024,14858.0,1500,Petrol,Automatic,Sedan,Faisalabad,7753000
Suzuki,Vitara,2013,175177.0,1600,Diesel,Manual,SUV,Faisalabad,1870000
Kia,Sportage,2008,233972.0,2000,Petrol,Automatic,SUV,Quetta,1800000
MG,ZS,2005,295495.0,1500,Petrol,Automatic,SUV,Multan,948000
MG,ZS,2004,307649.0,1500,Diesel,Manual,SUV,Lahore,958000
Daihatsu,Mira,2009,248403.0,660,CNG,Manual,Hatchback,khi,544000
Suzuki,Swift,2006,291048.0,1200,Petrol,Manual,Hatchback,Sialkot,762000
Toyota,LandCruiser,2012,139700.0,3300,Diesel,Automatic,SUV,Sialkot,12853000
Chery,Tiggo4,2020,75667.0,1500,Diesel,Manual,SUV,Quetta,2956000
Suzuki,Bolan,2014,148274.0,800,Petrol,Manual,Van,Quetta,692000
Daihatsu,Mira,2005,,660,Petrol,Manual,Hatchback,Rawalpindi,449000
Hyundai,Sonata,2010,198489.0,2000,CNG,Automatic,Sedan,Sialkot,2083000
Hyundai,Tucson,2010,206466.0,2000,Diesel,Automatic,SUV,Lahore,2144000
Chery,Tiggo8,2010,209249.0,1600,Diesel,Automatic,SUV,Lahore,2087000
Toyota,Prado,2010,171796.0,2700,Petrol,Automatic,SUV,Multan,5824000
Kia,Stonic,2022,71230.0,1400,Petrol,Manual,SUV,Rawalpindi,3612000
Suzuki,Margalla,2017,128811.0,1300,CNG,Automatic,Sedan,Hyderabad,1540000
Suzuki,Bolan,2014,149722.0,800,CNG,Manual,Van,Faisalabad,600000
Kia,Sorento,2016,120664.0,2500,Petrol,Automatic,SUV,Karachi,5094000
Daihatsu,Mira,2006,282394.0,660,Petrol,Manual,Hatchback,Karachi,462000
Kia,Stonic,2022,50403.0,1400,Diesel,Automatic,SUV,Sialkot,4161000
Hyundai,Elantra,2014,139650.0,1600,CNG,Automatic,Sedan,Rawalpindi,2205000
Hyundai,Santro,2023,22062.0,1000,Petrol,Automatic,Hatchback,Peshawar,2816000
Honda,Vezel,2013,149941.0,1500,Hybrid,Automatic,Hybrid,Peshawar,1671000
Toyota,Prius,2007,282772.0,1800,Hybrid,Automatic,Hybrid,Islamabad,1092000
MG,ZS,2008,224889.0,1500,Petrol,Manual,SUV,Lahore,1179000
Proton,Saga,2023,48933.0,1300,CNG,Manual,Sedan,Sialkot,2948000
Toyota,Passo,2014,143401.0,1000,Petrol,Automatic,Hatchback,Sialkot,969000
MG,HS,2010,264816.0,1500,Diesel,Manual,SUV,Islamabad,2151000
Toyota,Prado,2010,202032.0,2700,Petrol,Automatic,SUV,Hyderabad,5797000
Toyota,Fortuner,2010,236249.0,2800,Petrol,Automatic,SUV,Islamabad,3945000
Daihatsu,Cuore,2018,106692.0,850,Petrol,Automatic,Hatchback,Rawalpindi,766000
Chery,Tiggo8,2023,83939.0,1600,Diesel,Automatic,SUV,Karachi,6647000
MG,ZS,2020,61122.0,1500,Petrol,Automatic,SUV,Karachi,4374000
Nissan,Dayz,2020,48396.0,660,CNG,Manual,Hatchback,Sialkot,1572000
Suzuki,Alto,2006,248924.0,660,Petrol,Manual,Hatchback,Sialkot,440000
Honda,Vezel,2016,127725.0,1500,Hybrid,Automatic,Hybrid,Hyderabad,2214000
Toyota,Hilux,2004,279698.0,2800,Petrol,Automatic,Pickup,Rawalpindi,1580000
Nissan,Note,2005,273103.0,1200,Petrol,Manual,Hatchback,Quetta,400000
Honda,Civic,2023,40223.0,1500,CNG,Automatic,Sedan,Multan,6651000
Toyota,Hilux,2022,76027.0,2800,Petrol,Automatic,Pickup,Karachi,7349000
Toyota,Aqua,2019,76365.0,1500,Hybrid,Automatic,Hybrid,Peshawar,2414000
Honda,HRV,2015,207941.0,1500,Diesel,Automatic,SUV,Peshawar,2742000
Suzuki,WagonR,2009,229506.0,1000,CNG,Manual,Hatchback,Karachi,542000
Suzuki,Baleno,2014,184695.0,1300,Petrol,Manual,Hatchback,Quetta,720000
Hyundai,Sonata,2006,239543.0,2000,Petrol,Manual,Sedan,Rawalpindi,1763000
Honda,BRV,2019,80334.0,1500,Diesel,Manual,SUV,Karachi,4512000
Toyota,Hilux,2006,293123.0,2800,Diesel,Automatic,Pickup,Sialkot,2134000
Hyundai,Tucson,2022,71247.0,2000,Petrol,Automatic,SUV,Faisalabad,6657000
Nissan,Note,2014,157603.0,1200,CNG,Automatic,Hatchback,Sialkot,681000
Suzuki,Swift,2009,262107.0,1200,Petrol,Manual,Hatchback,Lahore,943000
Suzuki,WagonR,2016,93826.0,1000,CNG,Automatic,Hatchback,Peshawar,1453000
Suzuki,Cultus,2004,321315.0,1000,Petrol,Manual,Hatchback,Faisalabad,529000
Proton,X70,2007,246104.0,1500,Petrol,Manual,SUV,Quetta,1380000
Suzuki,Cultus,2015,145239.0,1000,Petrol,Automatic,Hatchback,Hyderabad,1168000
Daihatsu,Move,2008,273650.0,660,CNG,Manual,Hatchback,Lahore,636000
Changan,Oshan,2016,145820.0,1500,Diesel,Manual,SUV,Karachi,2790000
MG,HS,2012,183295.0,1500,Petrol,Manual,SUV,Islamabad,2121000
Suzuki,Bolan,2017,112003.0,800,CNG,Manual,Van,Multan,929000
Honda,HRV,2016,151808.0,1500,Petrol,Manual,SUV,Sialkot,2595000
Daihatsu,Mira,2020,61093.0,660,Petrol,Manual,Hatchback,Lahore,1853000
Toyota,Vitz,2016,122784.0,1000,CNG,Manual,Hatchback,Karachi,1287000
Suzuki,Vitara,2007,290183.0,1600,Petrol,Manual,SUV,Faisalabad,1250000
Kia,Sorento,2016,138928.0,2500,Diesel,Automatic,SUV,Hyderabad,4696000
Chery,Tiggo4,2022,20018.0,1500,Diesel,Manual,SUV,Quetta,3598000
Chery,Tiggo8,2008,195945.0,1600,Petrol,Manual,SUV,Islamabad,1644000
Suzuki,Swift,2006,242198.0,1200,CNG,Manual,Hatchback,Islamabad,681000
Honda,Vezel,2021,96040.0,1500,Hybrid,Automatic,Hybrid,Quetta,3307000
Changan,Oshan,2018,88289.0,1500,Diesel,Automatic,SUV,Faisalabad,4444000
Suzuki,Mehran,2023,37560.0,800,Petrol,Manual,Hatchback,Rawalpindi,1810000
Suzuki,WagonR,2017,142623.0,1000,CNG,Automatic,Hatchback,Karachi,1149000
Toyota,Vitz,2019,113595.0,1000,CNG,Automatic,Hatchback,Peshawar,1774000
Chery,Tiggo8,2006,280998.0,1600,Petrol,Manual,SUV,Hyderabad,1360000
Honda,Vezel,2010,187230.0,1500,Hybrid,Automatic,Hybrid,Multan,1326000
Toyota,Aqua,2019,83401.0,1500,Hybrid,Automatic,Hybrid,Quetta,2351000
Toyota,Corolla,2010,169593.0,1600,CNG,Automatic,Sedan,Karachi,1565000
Toyota,Premio,2008,265218.0,1800,CNG,Manual,Sedan,Rawalpindi,760000
Hyundai,Tucson,2019,88256.0,2000,Diesel,Automatic,SUV,Hyderabad,5468000
Suzuki,Baleno,2021,53229.0,1300,Petrol,Manual,Hatchback,Karachi,1713000
Suzuki,Ravi,2018,81755.0,800,Diesel,Manual,Pickup,Lahore,1057000
Honda,Civic,2006,232849.0,1500,CNG,Manual,Sedan,Karachi,1171000
Daihatsu,Move,2024,35086.0,660,CNG,Manual,Hatchback,Quetta,2365000
Toyota,Passo,2018,112157.0,1000,CNG,Manual,Hatchback,Quetta,1385000
Proton,Saga,2023,30193.0,1300,Petrol,Automatic,Sedan,Sialkot,3550000
Daihatsu,Mira,2010,223405.0,660,CNG,Manual,Hatchback,Rawalpindi,531000
MG,ZS,2018,101802.0,1500,Diesel,Automatic,SUV,Multan,2980000
Suzuki,Vitara,2014,171420.0,1600,Diesel,Manual,SUV,Rawalpindi,1928000
Toyota,Premio,2023,3000.0,1800,CNG,Automatic,Sedan,Sialkot,2911000
Toyota,LandCruiser,2005,313612.0,3300,Petrol,Automatic,SUV,Hyderabad,7377000
Suzuki,Alto,2013,165089.0,660,Petrol,Manual,Hatchback,Rawalpindi,704000
Toyota,Aqua,2022,56924.0,1500,Hybrid,Automatic,Hybrid,Peshawar,3164000
Honda,Vezel,2023,52913.0,1500,Hybrid,Automatic,Hybrid,Hyderabad,4789000
Honda,Vezel,2018,151304.0,1500,Hybrid,Automatic,Hybrid,Quetta,2648000
Changan,Oshan,2017,165090.0,1500,Diesel,Manual,SUV,Faisalabad,3175000
Suzuki,Bolan,2017,121218.0,800,CNG,Manual,Van,Peshawar,882000
Chery,Tiggo4,2015,140742.0,1500,Diesel,Automatic,SUV,Quetta,1749000
Toyota,Prado,2008,217910.0,2700,Petrol,Automatic,SUV,Rawalpindi,5231000
Proton,Saga,2010,235266.0,1300,Petrol,Manual,Sedan,Islamabad,674000
Hyundai,Elantra,2010,218255.0,1600,Petrol,Automatic,Sedan,Islamabad,1925000
Chery,Tiggo4,2011,194036.0,1500,Petrol,Manual,SUV,Multan,1171000
Honda,Accord,2022,17822.0,2400,Petrol,Automatic,Sedan,Rawalpindi,2806000
Changan,Alsvin,2017,,1400,CNG,Manual,Sedan,Peshawar,1624000
Kia,Sportage,2010,168338.0,2000,Petrol,Automatic,SUV,Sialkot,2368000
MG,ZS,2010,186078.0,1500,Petrol,Automatic,SUV,Faisalabad,1218000
Toyota,LandCruiser,2024,8403.0,3300,Diesel,Automatic,SUV,Peshawar,42459000
Toyota,Passo,2022,26872.0,1000,CNG,Manual,Hatchback,Lahore,2293000
Nissan,Dayz,2004,301289.0,660,Petrol,Manual,Hatchback,Hyderabad,437000
Toyota,Yaris,2017,105792.0,1300,CNG,Manual,Sedan,Rawalpindi,1990000
Suzuki,Bolan,2006,284873.0,800,Petrol,Manual,Van,Faisalabad,400000
Toyota,Premio,2010,213484.0,1800,CNG,Manual,Sedan,Rawalpindi,706000
Changan,Alsvin,2015,106571.0,1400,CNG,Manual,Sedan,Lahore,1715000
Kia,Stonic,2004,300529.0,1400,Petrol,Manual,SUV,Peshawar,796000
Changan,Alsvin,2009,247974.0,1400,CNG,Automatic,Sedan,Karachi,841000
Toyota,LandCruiser,2011,212826.0,3300,Diesel,Automatic,SUV,Quetta,10677000
Suzuki,Khyber,2008,234199.0,1000,CNG,Automatic,Hatchback,khi,511000
Toyota,Fortuner,2007,226443.0,2800,Petrol,Automatic,SUV,Multan,3281000
Suzuki,Margalla,2024,37800.0,1300,CNG,Automatic,Sedan,Rawalpindi,3202000
Toyota,LandCruiser,2015,84136.0,3300,Diesel,Automatic,SUV,Peshawar,18937000
Toyota,Corolla,2019,65986.0,1600,Petrol,Manual,Sedan,Faisalabad,3865000
Suzuki,Jimny,2006,271185.0,1500,Diesel,Automatic,SUV,Peshawar,1182000
Hyundai,Elantra,2009,251734.0,1600,Petrol,Automatic,Sedan,Islamabad,1386000
Toyota,LandCruiser,2015,172513.0,3300,Petrol,Automatic,SUV,Hyderabad,15533000
Suzuki,Mehran,2022,29734.0,800,CNG,Manual,Hatchback,Sialkot,1362000
Honda,BRV,2018,101649.0,1500,Petrol,Manual,SUV,Lahore,3163000
Changan,Oshan,2004,326910.0,1500,Petrol,Manual,SUV,Peshawar,1091000
Suzuki,Liana,2015,178899.0,1300,Petrol,Automatic,Sedan,Multan,1041000
Daihatsu,Mira,2023,59213.0,660,CNG,Manual,Hatchback,Multan,1918000
Suzuki,Khyber,2023,51029.0,1000,Petrol,Manual,Hatchback,Karachi,1323000
Proton,X70,2024,20403.0,1500,Diesel,Automatic,SUV,Sialkot,7871000
Chery,Tiggo8,2023,79407.0,1600,Petrol,Automatic,SUV,Lahore,6169000
Toyota,Corolla,2008,236556.0,1600,Petrol,Automatic,Sedan,Faisalabad,1218000
Chery,Tiggo8,2009,218960.0,1600,Petrol,Automatic,SUV,Rawalpindi,1849000
Toyota,Hilux,2022,51229.0,2800,Diesel,Automatic,Pickup,Faisalabad,7760000
Suzuki,Swift,2021,71191.0,1200,CNG,Automatic,Hatchback,Hyderabad,2954000
Suzuki,Liana,2007,207823.0,1300,Petrol,Automatic,Sedan,Quetta,543000
Nissan,Dayz,2013,148063.0,660,CNG,Manual,Hatchback,Sialkot,742000
Suzuki,Mehran,2015,121478.0,800,CNG,Manual,Hatchback,Rawalpindi,833000
Toyota,Passo,2019,87118.0,1000,CNG,Manual,Hatchback,Multan,1600000
Toyota,Aqua,2023,26899.0,1500,Hybrid,Automatic,Hybrid,Rawalpindi,4281000
Toyota,Fortuner,2011,164388.0,2800,Diesel,Automatic,SUV,Islamabad,5159000
Toyota,Passo,2013,180294.0,1000,CNG,Automatic,Hatchback,Hyderabad,803000
Suzuki,Alto,2014,126952.0,660,CNG,Manual,Hatchback,Karachi,879000
Toyota,Premio,2008,231375.0,1800,CNG,Automatic,Sedan,Multan,752000
Chery,Tiggo8,2021,88779.0,1600,Diesel,Manual,SUV,Hyderabad,5329000
Changan,Alsvin,2008,215111.0,1400,Petrol,Manual,Sedan,Faisalabad,758000
Nissan,Note,2024,74184.0,1200,CNG,Manual,Hatchback,Karachi,1302000
Suzuki,Vitara,2021,33272.0,1600,Diesel,Manual,SUV,Hyderabad,5014000
Toyota,Yaris,2006,239896.0,1300,Petrol,Automatic,Sedan,Rawalpindi,785000
Suzuki,Mehran,2007,272648.0,800,CNG,Manual,Hatchback,Peshawar,400000
MG,ZS,2011,164962.0,1500,Diesel,Automatic,SUV,Lahore,1694000
Toyota,Passo,2004,289030.0,1000,Petrol,Automatic,Hatchback,Lahore,446000
Honda,HRV,2018,92902.0,1500,Diesel,Automatic,SUV,Sialkot,3833000
Chery,Tiggo8,2019,76892.0,1600,Petrol,Manual,SUV,Quetta,4522000
Toyota,Passo,2004,304958.0,1000,CNG,Manual,Hatchback,Multan,400000
Toyota,Corolla,2012,234437.0,1600,CNG,Automatic,Sedan,Hyderabad,1738000
Kia,Sorento,2017,106164.0,2500,Diesel,Automatic,SUV,Faisalabad,5120000
Kia,Stonic,2019,102280.0,1400,Petrol,Manual,SUV,Sialkot,3163000
Nissan,Note,2011,190905.0,1200,Petrol,Manual,Hatchback,Peshawar,457000
Toyota,Corolla,2024,44192.0,1600,Petrol,Automatic,Sedan,Karachi,6181000
Daihatsu,Mira,2012,206713.0,660,CNG,Manual,Hatchback,Rawalpindi,642000
Nissan,Note,2005,289751.0,1200,CNG,Automatic,Hatchback,Lahore,400000
Honda,HRV,2022,36479.0,1500,Petrol,Automatic,SUV,Lahore,6190000
Toyota,Aqua,2004,263564.0,1500,Hybrid,Automatic,Hybrid,Faisalabad,749000
Suzuki,Alto,2015,214435.0,660,CNG,Manual,Hatchback,Lahore,847000
Hyundai,Santro,2018,109392.0,1000,Petrol,Automatic,Hatchback,Peshawar,1513000
Suzuki,Bolan,2005,259291.0,800,CNG,Manual,Van,Hyderabad,400000
Changan,Alsvin,2016,162674.0,1400,Petrol,Manual,Sedan,Peshawar,1417000
Honda,BRV,2007,247964.0,1500,Petrol,Manual,SUV,Faisalabad,1125000
Toyota,Hilux,2021,76687.0,2800,Petrol,Automatic,Pickup,Faisalabad,7397000
Daihatsu,Cuore,2010,238796.0,850,CNG,Manual,Hatchback,Islamabad,400000
Toyota,Hilux,2023,33933.0,2800,Diesel,Automatic,Pickup,Lahore,8518000
Daihatsu,Mira,2019,75601.0,660,Petrol,Manual,Hatchback,Rawalpindi,1510000
Suzuki,Baleno,2022,79483.0,1300,Petrol,Manual,Hatchback,Rawalpindi,2055000
Toyota,Yaris,2013,140560.0,1300,CNG,Automatic,Sedan,Islamabad,1594000
MG,HS,2013,101649.0,1500,Diesel,Automatic,SUV,Lahore,3378000
Suzuki,WagonR,2016,163118.0,1000,Petrol,Automatic,Hatchback,Peshawar,1368000
Toyota,Premio,2009,233716.0,1800,CNG,Manual,Sedan,Quetta,968000
Proton,Saga,2024,60626.0,1300,Petrol,Manual,Sedan,Peshawar,2883000
Honda,City,2021,42643.0,1500,Petrol,Manual,Sedan,Faisalabad,3239000
Toyota,Hilux,2016,206488.0,2800,Diesel,Automatic,Pickup,Rawalpindi,3688000
Suzuki,Ravi,2005,228456.0,800,Diesel,Manual,Pickup,Lahore,400000
Proton,Saga,2015,144629.0,1300,CNG,Automatic,Sedan,Multan,1311000
Toyota,Fortuner,2016,144681.0,2800,Diesel,Automatic,SUV,Lahore,6681000
Hyundai,Santro,2017,132627.0,1000,CNG,Automatic,Hatchback,Faisalabad,1238000
Suzuki,Mehran,2012,182831.0,800,Petrol,Manual,Hatchback,Islamabad,737000
Hyundai,Tucson,2022,15204.0,2000,Petrol,Automatic,SUV,Lahore,6095000
Proton,Saga,2013,192801.0,1300,CNG,Automatic,Sedan,Sialkot,954000
Daihatsu,Move,2024,3000.0,660,Petrol,Manual,Hatchback,Multan,2894000
Toyota,Aqua,2014,127004.0,1500,Hybrid,Automatic,Hybrid,Karachi,1499000
Toyota,Prado,2013,191865.0,2700,Petrol,Automatic,SUV,Lahore,7156000
Kia,Sportage,2023,22590.0,2000,Diesel,Automatic,SUV,Sialkot,8663000
Proton,X70,2019,134944.0,1500,Diesel,Manual,SUV,Faisalabad,4077000
Suzuki,Baleno,2021,48512.0,1300,CNG,Automatic,Hatchback,Quetta,1953000
Daihatsu,Cuore,2006,269687.0,850,CNG,Manual,Hatchback,Multan,400000
Suzuki,Swift,2014,186615.0,1200,CNG,Manual,Hatchback,Faisalabad,1383000
Honda,Vezel,2019,71355.0,1500,Hybrid,Automatic,Hybrid,Faisalabad,3624000
Suzuki,Alto,2013,199799.0,660,Petrol,Manual,Hatchback,Islamabad,719000
Suzuki,Cultus,2022,81778.0,1000,Petrol,Manual,Hatchback,Lahore,2665000
Suzuki,Alto,2013,199799.0,660,Petrol,Manual,Hatchback,Islamabad,719000
Proton,X70,2015,149296.0,1500,Petrol,Manual,SUV,Quetta,2666000
Suzuki,Swift,2007,254988.0,1200,CNG,Automatic,Hatchback,Faisalabad,842000
Honda,Civic,2022,72469.0,1500,CNG,Automatic,Sedan,Lahore,6426000
Hyundai,Elantra,2011,198421.0,1600,Petrol,Manual,Sedan,Rawalpindi,1702000
Suzuki,Khyber,2008,202608.0,1000,CNG,Automatic,Hatchback,Islamabad,400000
Nissan,Dayz,2019,105776.0,660,Petrol,Manual,Hatchback,Hyderabad,1254000
Suzuki,Baleno,2009,222873.0,1300,Petrol,Automatic,Hatchback,Lahore,604000
Proton,Saga,2022,61401.0,1300,Petrol,Automatic,Sedan,Faisalabad,2228000
Nissan,Note,2013,166375.0,1200,CNG,Manual,Hatchback,Multan,496000
MG,HS,2011,152941.0,1500,Diesel,Manual,SUV,Multan,2545000
Kia,Sportage,2008,227669.0,2000,Petrol,Automatic,SUV,Faisalabad,1600000
Suzuki,Alto,2013,138932.0,660,CNG,Manual,Hatchback,Islamabad,778000
Honda,Accord,2004,302035.0,2400,Petrol,Automatic,Sedan,Lahore,400000
Toyota,Hilux,2011,192433.0,2800,Petrol,Automatic,Pickup,Peshawar,2903000
Nissan,Note,2004,268431.0,1200,CNG,Manual,Hatchback,Islamabad,400000
MG,HS,2023,88050.0,1500,Petrol,Manual,SUV,Peshawar,6097000
Hyundai,Santro,2018,179794.0,1000,CNG,Manual,Hatchback,Lahore,1220000
Honda,Accord,2023,34761.0,2400,CNG,Automatic,Sedan,Multan,2875000
Toyota,Hilux,2011,184638.0,2800,Petrol,Automatic,Pickup,Faisalabad,2680000
Suzuki,Liana,2011,219713.0,1300,CNG,Automatic,Sedan,Islamabad,611000
Suzuki,Liana,2024,3000.0,1300,CNG,Automatic,Sedan,Karachi,2826000
Hyundai,Tucson,2016,125233.0,2000,Diesel,Automatic,SUV,Peshawar,3999000
Toyota,Prius,2024,36974.0,1800,Hybrid,Automatic,Hybrid,Hyderabad,5395000
MG,HS,2012,179116.0,1500,Diesel,Automatic,SUV,Lahore ,2296000
Suzuki,Alto,2006,264472.0,660,Petrol,Manual,Hatchback,Quetta,440000
Kia,Stonic,2017,142043.0,1400,Diesel,Manual,SUV,Karachi,2042000
Hyundai,Tucson,2010,227182.0,2000,Petrol,Automatic,SUV,Faisalabad,1871000
Honda,Accord,2014,142961.0,2400,CNG,Manual,Sedan,Faisalabad,1424000
Suzuki,WagonR,2005,262968.0,1000,CNG,Automatic,Hatchback,Peshawar,566000
Suzuki,Khyber,2017,134786.0,1000,Petrol,Automatic,Hatchback,Faisalabad,938000
Toyota,Prius,2017,132821.0,1800,Hybrid,Automatic,Hybrid,Peshawar,2431000
Kia,Sportage,2005,275034.0,2000,Diesel,Automatic,SUV,Karachi,1484000
Honda,BRV,2006,281973.0,1500,Diesel,Automatic,SUV,Multan,1038000
Hyundai,Santro,2006,287230.0,1000,CNG,Automatic,Hatchback,Quetta,509000
Hyundai,Tucson,2007,252011.0,2000,Diesel,Automatic,SUV,Quetta,1472000
Suzuki,Bolan,2018,99686.0,800,Petrol,Manual,Van,Lahore,992000
Suzuki,Margalla,2005,,1300,CNG,Manual,Sedan,Hyderabad,523000
Suzuki,Baleno,2021,40328.0,1300,Petrol,Automatic,Hatchback,Sialkot,2076000
Suzuki,WagonR,2014,165572.0,1000,CNG,Automatic,Hatchback,Quetta,1090000
Kia,Stonic,2014,177359.0,1400,Petrol,Automatic,SUV,Quetta,1736000
Suzuki,Khyber,2005,283606.0,1000,Petrol,Manual,Hatchback,Islamabad,400000
Honda,Vezel,2004,255359.0,1500,Hybrid,Automatic,Hybrid,Sialkot,869000
Suzuki,Vitara,2014,129130.0,1600,Diesel,Automatic,SUV,Rawalpindi,2511000
Suzuki,Ravi,2015,155199.0,800,Diesel,Manual,Pickup,Karachi,578000
Honda,HRV,2010,214411.0,1500,Diesel,Automatic,SUV,Sialkot,1943000
Daihatsu,Mira,2007,272387.0,660,Petrol,Manual,Hatchback,Lahore,506000
Honda,HRV,2020,52442.0,1500,Petrol,Manual,SUV,Multan,3760000
Suzuki,Margalla,2006,262116.0,1300,Petrol,Automatic,Sedan,Karachi,440000
Daihatsu,Move,2011,182494.0,660,CNG,Manual,Hatchback,Peshawar,754000
Hyundai,Santro,2024,51263.0,1000,Petrol,Manual,Hatchback,Islamabad,2551000
Toyota,Passo,2008,214545.0,1000,Petrol,Automatic,Hatchback,Peshawar,609000
Suzuki,Cultus,2010,200617.0,1000,Petrol,Automatic,Hatchback,Karachi,728000
Suzuki,Swift,2010,200766.0,1200,CNG,Manual,Hatchback,Rawalpindi,955000
Suzuki,Swift,2008,234372.0,1200,CNG,Manual,Hatchback,Islamabad,844000
Suzuki,Margalla,2024,21992.0,1300,CNG,Manual,Sedan,Faisalabad,2952000
Nissan,Note,2017,126113.0,1200,Petrol,Automatic,Hatchback,Lahore,983000
Toyota,Aqua,2019,132054.0,1500,Hybrid,Automatic,Hybrid,Quetta,1950000
Daihatsu,Move,2007,229287.0,660,Petrol,Manual,Hatchback,Hyderabad,588000
Hyundai,Elantra,2009,246844.0,1600,Petrol,Manual,Sedan,Faisalabad,1453000
Suzuki,Ravi,2023,16135.0,800,Petrol,Manual,Pickup,Faisalabad,1624000
Honda,Accord,2006,284991.0,2400,CNG,Manual,Sedan,Sialkot,444000
Suzuki,WagonR,2006,225796.0,1000,Petrol,Automatic,Hatchback,Faisalabad,535000
Suzuki,Vitara,2007,234693.0,1600,Petrol,Automatic,SUV,Hyderabad,1280000
Honda,Accord,2012,189154.0,2400,CNG,Automatic,Sedan,Quetta,964000
Suzuki,Cultus,2021,79717.0,1000,Petrol,Automatic,Hatchback,Multan,2625000
Daihatsu,Mira,2017,97819.0,660,CNG,Manual,Hatchback,Multan,1136000
Toyota,Prado,2015,138501.0,2700,Diesel,Automatic,SUV,Sialkot,8837000
Toyota,Aqua,2021,22297.0,1500,Hybrid,Automatic,Hybrid,Peshawar,3198000
Toyota,Fortuner,2021,40960.0,2800,Petrol,Automatic,SUV,Lahore ,11609000
Honda,Accord,2021,70286.0,2400,CNG,Automatic,Sedan,Karachi,2806000
Hyundai,Tucson,2010,239225.0,2000,Petrol,Automatic,SUV,Karachi,2310000
MG,HS,2010,189487.0,1500,Diesel,Automatic,SUV,Islamabad,2361000
Toyota,Aqua,2004,268455.0,1500,Hybrid,Automatic,Hybrid,Sialkot,675000
Kia,Stonic,2024,23629.0,1400,Diesel,Automatic,SUV,Quetta,6045000
Suzuki,Khyber,2009,260333.0,1000,Petrol,Manual,Hatchback,Sialkot,400000
Toyota,LandCruiser,2014,153628.0,3300,Diesel,Automatic,SUV,Karachi,15784000
Honda,HRV,2004,306293.0,1500,Diesel,Automatic,SUV,Lahore,1099000
Changan,Oshan,2018,71676.0,1500,Petrol,Manual,SUV,Sialkot,3461000
Honda,Accord,2004,267561.0,2400,CNG,Automatic,Sedan,Multan,519000
Toyota,Vitz,2009,232118.0,1000,Petrol,Manual,Hatchback,Rawalpindi,622000
MG,HS,2014,161816.0,1500,Petrol,Automatic,SUV,Quetta,3141000
Proton,Saga,2010,207109.0,1300,CNG,Automatic,Sedan,Peshawar,798000
Toyota,Fortuner,2009,230703.0,2800,Diesel,Automatic,SUV,Quetta,4055000
Suzuki,Vitara,2012,142260.0,1600,Diesel,Automatic,SUV,Sialkot,1990000
Toyota,Hilux,2006,273280.0,2800,Petrol,Automatic,Pickup,Multan,1888000
Toyota,Premio,2015,104481.0,1800,Petrol,Manual,Sedan,Faisalabad,1211000
Suzuki,Vitara,2011,171368.0,1600,Petrol,Automatic,SUV,Lahore,1577000
Suzuki,WagonR,2014,137950.0,1000,CNG,Manual,Hatchback,Karachi,966000
Daihatsu,Move,2016,102508.0,660,Petrol,Manual,Hatchback,Hyderabad,1244000
Suzuki,Jimny,2018,108746.0,1500,Diesel,Automatic,SUV,Quetta,3570000
Hyundai,Elantra,2017,116564.0,1600,Petrol,Automatic,Sedan,Quetta,3181000
MG,HS,2011,173219.0,1500,Petrol,Automatic,SUV,Faisalabad,2233000
Proton,Saga,2009,217569.0,1300,Petrol,Automatic,Sedan,Karachi,724000
Suzuki,Swift,2019,53860.0,1200,CNG,Automatic,Hatchback,Multan,2722000
MG,HS,2010,264816.0,1500,Diesel,Manual,SUV,Islamabad,2151000
Chery,Tiggo8,2020,52657.0,1600,Petrol,Automatic,SUV,Karachi,5213000
Toyota,Passo,2013,146426.0,1000,Petrol,Automatic,Hatchback,Hyderabad,944000
Toyota,Corolla,2005,274288.0,1600,Petrol,Manual,Sedan,Islamabad,1135000
Changan,Oshan,2007,243654.0,1500,Petrol,Manual,SUV,Islamabad,1409000
Toyota,Hilux,2016,117756.0,2800,Petrol,Automatic,Pickup,Sialkot,4540000
Hyundai,Tucson,2006,258503.0,2000,Diesel,Automatic,SUV,Lahore,1821000
Changan,Alsvin,2011,169408.0,1400,Petrol,Manual,Sedan,Quetta,899000
Suzuki,Alto,2009,249949.0,660,CNG,Manual,Hatchback,Faisalabad,483000
MG,HS,2020,50792.0,1500,Petrol,Manual,SUV,Multan,5562000
Honda,City,2023,50695.0,1500,Petrol,Automatic,Sedan,Rawalpindi,4489000
Honda,Civic,2016,118557.0,1500,Petrol,Manual,Sedan,Multan,2870000
Toyota,Fortuner,2021,3000.0,2800,Diesel,Automatic,SUV,Faisalabad,13744000
Proton,X70,2019,80920.0,1500,Diesel,Automatic,SUV,Islamabad,4586000
Toyota,Prado,2008,236268.0,2700,Petrol,Automatic,SUV,Lahore ,5021000
Suzuki,Cultus,2024,16230.0,1000,Petrol,Manual,Hatchback,Quetta,3355000
Toyota,Premio,2017,121573.0,1800,CNG,Automatic,Sedan,Rawalpindi,1441000
Suzuki,Margalla,2017,82147.0,1300,Petrol,Automatic,Sedan,Peshawar,1715000
Nissan,Note,2007,252877.0,1200,Petrol,Automatic,Hatchback,Sialkot,545000
Toyota,Passo,2013,162541.0,1000,Petrol,Manual,Hatchback,Karachi,839000
Honda,Civic,2006,296431.0,1500,CNG,Manual,Sedan,Rawalpindi,1348000
Daihatsu,Cuore,2016,63327.0,850,Petrol,Automatic,Hatchback,Islamabad,698000
Kia,Sorento,2019,95938.0,2500,Diesel,Automatic,SUV,Rawalpindi,5903000
Suzuki,WagonR,2022,102759.0,1000,CNG,Automatic,Hatchback,Islamabad,2325000
Suzuki,Ravi,2024,3000.0,800,Petrol,Manual,Pickup,Islamabad,1821000
Suzuki,Mehran,2011,203810.0,800,Petrol,Manual,Hatchback,Quetta,434000
Suzuki,Ravi,2012,156370.0,800,Petrol,Manual,Pickup,Lahore,529000
Toyota,Prius,2005,275199.0,1800,Hybrid,Automatic,Hybrid,Multan,915000
Honda,City,2022,53699.0,1500,Petrol,Automatic,Sedan,Lahore,3713000
Proton,Saga,2024,62026.0,1300,CNG,Manual,Sedan,Quetta,2769000
Toyota,Vitz,2017,80745.0,1000,Petrol,Manual,Hatchback,Lahore ,1362000
MG,ZS,2004,316443.0,1500,Diesel,Manual,SUV,Peshawar,921000
Proton,Saga,2005,261778.0,1300,CNG,Manual,Sedan,Faisalabad,571000
Suzuki,Mehran,2018,70589.0,800,Petrol,Manual,Hatchback,Rawalpindi,974000
Daihatsu,Cuore,2016,167911.0,850,Petrol,Automatic,Hatchback,Sialkot,728000
Kia,Sorento,2009,274002.0,2500,Petrol,Automatic,SUV,Quetta,2537000
Hyundai,Elantra,2018,96321.0,1600,Petrol,Manual,Sedan,Peshawar,3793000
Suzuki,Alto,2007,238624.0,660,CNG,Manual,Hatchback,Lahore,488000
MG,HS,2022,36999.0,1500,Petrol,Automatic,SUV,Rawalpindi,6678000
Suzuki,Bolan,2009,220561.0,800,CNG,Manual,Van,Multan,404000
Toyota,Fortuner,2018,60525.0,2800,Diesel,Automatic,SUV,Hyderabad,9739000
Daihatsu,Mira,2004,300588.0,660,Petrol,Manual,Hatchback,Quetta,409000
Daihatsu,Move,2023,9555.0,660,Petrol,Manual,Hatchback,Lahore,2382000
Suzuki,Cultus,2004,255677.0,1000,CNG,Automatic,Hatchback,Karachi,561000
Hyundai,Santro,2007,244151.0,1000,Petrol,Manual,Hatchback,Peshawar,548000
Suzuki,Bolan,2023,21370.0,800,Petrol,Manual,Van,Multan,1870000
Kia,Sportage,2023,20973.0,2000,Petrol,Automatic,SUV,Faisalabad,7572000
Suzuki,Alto,2012,252230.0,660,CNG,Manual,Hatchback,Hyderabad,725000
Honda,Accord,2007,232981.0,2400,Petrol,Automatic,Sedan,Lahore,513000
Toyota,Prius,2010,216007.0,1800,Hybrid,Automatic,Hybrid,Islamabad,1317000
Kia,Sportage,2014,131812.0,2000,Petrol,Automatic,SUV,Lahore ,3128000
Proton,Saga,2024,13043.0,1300,Petrol,Automatic,Sedan,Sialkot,3511000
Suzuki,Mehran,2015,181214.0,800,Petrol,Manual,Hatchback,Rawalpindi,541000
Toyota,Prado,2014,186881.0,2700,Petrol,Automatic,SUV,Lahore,8401000
Toyota,Aqua,2020,59884.0,1500,Hybrid,Automatic,Hybrid,Peshawar,2603000
Toyota,Prius,2014,177198.0,1800,Hybrid,Automatic,Hybrid,khi,1732000
Suzuki,Liana,2024,37505.0,1300,Petrol,Manual,Sedan,Multan,3282000
Hyundai,Tucson,2020,42680.0,2000,Diesel,Automatic,SUV,Rawalpindi,6222000
Honda,BRV,2012,189576.0,1500,Petrol,Automatic,SUV,Sialkot,1927000
Toyota,Prius,2005,280233.0,1800,Hybrid,Automatic,Hybrid,Faisalabad,879000
Proton,Saga,2010,189846.0,1300,CNG,Automatic,Sedan,Sialkot,850000
Suzuki,Liana,2023,92836.0,1300,Petrol,Manual,Sedan,Faisalabad,2302000
Daihatsu,Move,2022,29671.0,660,Petrol,Manual,Hatchback,Quetta,2205000
Toyota,Premio,2013,161044.0,1800,CNG,Automatic,Sedan,Lahore,1015000
Suzuki,Cultus,2019,101200.0,1000,Petrol,Manual,Hatchback,Hyderabad,1785000
Suzuki,Baleno,2023,75934.0,1300,Petrol,Manual,Hatchback,Karachi,1779000
Toyota,Premio,2007,272242.0,1800,CNG,Automatic,Sedan,Multan,946000
Toyota,Corolla,2004,286867.0,1600,Petrol,Manual,Sedan,Islamabad,1095000
Suzuki,Vitara,2014,158304.0,1600,Petrol,Manual,SUV,Rawalpindi,1852000
Kia,Sportage,2007,283823.0,2000,Diesel,Automatic,SUV,Hyderabad,1545000
Toyota,Passo,2013,178136.0,1000,Petrol,Automatic,Hatchback,Multan,972000
Toyota,Aqua,2020,111683.0,1500,Hybrid,Automatic,Hybrid,Hyderabad,2751000
Honda,HRV,2012,182860.0,1500,Diesel,Manual,SUV,Islamabad,1832000
Honda,Civic,2005,244210.0,1500,Petrol,Manual,Sedan,Hyderabad,1262000
Toyota,Hilux,2017,101310.0,2800,Diesel,Automatic,Pickup,Karachi,5537000
Changan,Alsvin,2018,81235.0,1400,Petrol,Manual,Sedan,Sialkot,2058000
Honda,Accord,2020,110880.0,2400,Petrol,Automatic,Sedan,Multan,2033000
Suzuki,Khyber,2023,68473.0,1000,Petrol,Manual,Hatchback,Rawalpindi,1688000
Toyota,LandCruiser,2006,259974.0,3300,Diesel,Automatic,SUV,Islamabad,8049000
Toyota,Fortuner,2022,93133.0,2800,Petrol,Automatic,SUV,Rawalpindi,9780000
Honda,HRV,2019,103373.0,1500,Petrol,Automatic,SUV,Rawalpindi,3857000
Toyota,Passo,2010,194264.0,1000,Petrol,Automatic,Hatchback,Peshawar,705000
Hyundai,Elantra,2016,126400.0,1600,CNG,Manual,Sedan,Faisalabad,2826000
Toyota,Prado,2010,202093.0,2700,Petrol,Automatic,SUV,Faisalabad,5598000
Toyota,Vitz,2006,271463.0,1000,CNG,Manual,Hatchback,Karachi,599000
Proton,Saga,2004,285283.0,1300,CNG,Manual,Sedan,Peshawar,481000
Suzuki,Liana,2015,142728.0,1300,Petrol,Manual,Sedan,Lahore,1348000
Honda,HRV,2020,61739.0,1500,Diesel,Automatic,SUV,Faisalabad,5264000
Nissan,Note,2019,89249.0,1200,CNG,Manual,Hatchback,Lahore,1015000
Changan,Oshan,2016,155080.0,1500,Petrol,Manual,SUV,Sialkot,2952000
Changan,Alsvin,2014,168018.0,1400,CNG,Manual,Sedan,Faisalabad,1159000
Hyundai,Sonata,2016,145896.0,2000,CNG,Automatic,Sedan,Quetta,4004000
Suzuki,Margalla,2011,221649.0,1300,CNG,Manual,Sedan,Multan,921000
Suzuki,WagonR,2009,162645.0,1000,CNG,Manual,Hatchback,Islamabad,751000
Kia,Sportage,2017,118688.0,2000,Petrol,Automatic,SUV,Lahore,4124000
Toyota,Corolla,2007,239096.0,1600,Petrol,Automatic,Sedan,Sialkot,1297000
Nissan,Note,2008,220570.0,1200,Petrol,Automatic,Hatchback,Sialkot,404000
Hyundai,Elantra,2018,88781.0,1600,Petrol,Manual,Sedan,Karachi,3281000
Toyota,LandCruiser,2013,135402.0,3300,Diesel,Automatic,SUV,Karachi,15499000
MG,ZS,2024,32041.0,1500,Diesel,Manual,SUV,Rawalpindi,5301000
Nissan,Dayz,2021,41049.0,660,CNG,Manual,Hatchback,Quetta,1386000
Suzuki,Bolan,2009,225980.0,800,CNG,Manual,Van,Quetta,421000
Toyota,Fortuner,2019,41533.0,2800,Petrol,Automatic,SUV,Multan,9876000
Suzuki,Alto,2011,215483.0,660,Petrol,Manual,Hatchback,Lahore,697000
Suzuki,Vitara,2011,140339.0,1600,Diesel,Manual,SUV,Peshawar,1888000
Suzuki,Vitara,2006,265959.0,1600,Petrol,Manual,SUV,Karachi,1063000
Toyota,Corolla,2006,261964.0,1600,Petrol,Automatic,Sedan,Islamabad,1231000
Suzuki,Liana,2011,157040.0,1300,CNG,Automatic,Sedan,Sialkot,848000
Toyota,Vitz,2013,149720.0,1000,CNG,Manual,Hatchback,Sialkot,925000
Toyota,Prius,2007,267610.0,1800,Hybrid,Automatic,Hybrid,Peshawar,1109000
Suzuki,Liana,2024,56650.0,1300,Petrol,Manual,Sedan,Quetta,2281000
Toyota,Vitz,2019,63869.0,1000,CNG,Automatic,Hatchback,Karachi,1971000
Suzuki,WagonR,2020,73359.0,1000,Petrol,Automatic,Hatchback,Sialkot,1930000
Honda,Vezel,2009,269384.0,1500,Hybrid,Automatic,Hybrid,Quetta,1236000
Suzuki,WagonR,2018,91314.0,1000,Petrol,Manual,Hatchback,Hyderabad,1546000
Toyota,Premio,2013,128968.0,1800,Petrol,Manual,Sedan,Islamabad,1120000
Nissan,Dayz,2005,227796.0,660,CNG,Manual,Hatchback,Sialkot,400000
Suzuki,Ravi,2011,138489.0,800,Petrol,Manual,Pickup,Peshawar,481000
Kia,Picanto,2013,173583.0,1000,CNG,Automatic,Hatchback,Hyderabad,993000
Suzuki,Swift,2020,81541.0,1200,CNG,Automatic,Hatchback,Faisalabad,2573000
Honda,Vezel,2006,275381.0,1500,Hybrid,Automatic,Hybrid,Lahore,932000
Suzuki,Bolan,2024,4190.0,800,CNG,Manual,Van,Rawalpindi,1775000
Suzuki,Alto,2007,203492.0,660,CNG,Manual,Hatchback,Quetta,444000
Hyundai,Santro,2007,223835.0,1000,CNG,Manual,Hatchback,Sialkot,547000
Suzuki,Ravi,2021,63066.0,800,Diesel,Manual,Pickup,Peshawar,1177000
Suzuki,Margalla,2023,78444.0,1300,CNG,Manual,Sedan,Sialkot,2532000
Hyundai,Sonata,2006,262358.0,2000,CNG,Automatic,Sedan,Faisalabad,1744000
Toyota,Vitz,2014,110531.0,1000,Petrol,Manual,Hatchback,Quetta,1049000
Kia,Sportage,2009,240275.0,2000,Diesel,Automatic,SUV,Faisalabad,2020000
Suzuki,Alto,2024,3000.0,660,Petrol,Manual,Hatchback,Lahore,2469000
Toyota,Prius,2012,208537.0,1800,Hybrid,Automatic,Hybrid,Multan,1506000
Suzuki,Baleno,2010,227523.0,1300,Petrol,Manual,Hatchback,Peshawar,682000
Toyota,Fortuner,2007,178264.0,2800,Diesel,Automatic,SUV,Peshawar,3181000
Suzuki,Bolan,2018,81641.0,800,CNG,Manual,Van,Hyderabad,1133000
Suzuki,Margalla,2013,170800.0,1300,CNG,Manual,Sedan,Multan,1031000
Changan,Alsvin,2020,78129.0,1400,CNG,Manual,Sedan,Rawalpindi,2075000
MG,HS,2012,183567.0,1500,Petrol,Automatic,SUV,Lahore,2549000
Toyota,Corolla,2021,52478.0,1600,CNG,Manual,Sedan,Islamabad,4879000
Honda,Vezel,2021,85728.0,1500,Hybrid,Automatic,Hybrid,Peshawar,3338000
Suzuki,Jimny,2014,149989.0,1500,Petrol,Automatic,SUV,Islamabad,2326000
Kia,Picanto,2011,182193.0,1000,CNG,Manual,Hatchback,Sialkot,868000
MG,HS,2024,3000.0,1500,Diesel,Automatic,SUV,Lahore,8240000
Proton,Saga,2014,171268.0,1300,CNG,Manual,Sedan,Multan,1129000
Toyota,Corolla,2020,35290.0,1600,CNG,Manual,Sedan,Sialkot,5184000
Nissan,Dayz,2022,58198.0,660,Petrol,Manual,Hatchback,Hyderabad,1651000
Hyundai,Santro,2007,256029.0,1000,Petrol,Automatic,Hatchback,Lahore,608000
Kia,Sorento,2007,215003.0,2500,Diesel,Automatic,SUV,Hyderabad,2630000
Toyota,Aqua,2006,237000.0,1500,Hybrid,Automatic,Hybrid,Faisalabad,791000
Suzuki,Baleno,2008,267215.0,1300,CNG,Automatic,Hatchback,Sialkot,592000
Chery,Tiggo4,2009,211199.0,1500,Petrol,Manual,SUV,Quetta,870000
Honda,City,2009,181609.0,1500,CNG,Automatic,Sedan,Sialkot,1035000
Suzuki,Alto,2009,230800.0,660,CNG,Manual,Hatchback,Quetta,527000
Nissan,Note,2006,251132.0,1200,CNG,Manual,Hatchback,Sialkot,417000
Toyota,Corolla,2023,39500.0,1600,CNG,Manual,Sedan,Faisalabad,5158000
Honda,HRV,2013,159194.0,1500,Petrol,Manual,SUV,Faisalabad,2049000
Kia,Sportage,2013,203372.0,2000,Petrol,Automatic,SUV,Karachi,2486000
Honda,BRV,2020,67763.0,1500,Diesel,Automatic,SUV,Quetta,4552000
Toyota,Aqua,2020,96490.0,1500,Hybrid,Automatic,Hybrid,Islamabad,3046000
Honda,Vezel,2021,3000.0,1500,Hybrid,Automatic,Hybrid,Faisalabad,4628000
Kia,Picanto,2005,299222.0,1000,CNG,Manual,Hatchback,Karachi,564000
Suzuki,Baleno,2010,196528.0,1300,Petrol,Automatic,Hatchback,Lahore,675000
Suzuki,WagonR,2010,220767.0,1000,Petrol,Manual,Hatchback,Faisalabad,766000
Hyundai,Santro,2021,86984.0,1000,Petrol,Automatic,Hatchback,Faisalabad,1940000
Honda,Accord,2011,158660.0,2400,Petrol,Automatic,Sedan,Hyderabad,810000
MG,ZS,2006,245922.0,1500,Diesel,Automatic,SUV,Rawalpindi,1067000
Suzuki,Margalla,2010,213638.0,1300,Petrol,Automatic,Sedan,Hyderabad,913000
MG,ZS,2010,192334.0,1500,Diesel,Manual,SUV,Rawalpindi,1487000
Toyota,Prado,2023,42417.0,2700,Petrol,Automatic,SUV,Hyderabad,19291000
Toyota,Prius,2017,127767.0,1800,Hybrid,Automatic,Hybrid,Multan,2495000
Suzuki,Cultus,2005,300132.0,1000,Petrol,Manual,Hatchback,Hyderabad,584000
Toyota,Vitz,2022,89138.0,1000,CNG,Automatic,Hatchback,Karachi,2254000
Toyota,Fortuner,2009,225969.0,2800,Petrol,Automatic,SUV,Quetta,3757000
Suzuki,Khyber,2020,124487.0,1000,Petrol,Automatic,Hatchback,Islamabad,1337000
Proton,Saga,2016,139864.0,1300,CNG,Automatic,Sedan,Faisalabad,1353000
Suzuki,Alto,2006,265782.0,660,CNG,Manual,Hatchback,Lahore,460000
Hyundai,Elantra,2011,208071.0,1600,CNG,Automatic,Sedan,Quetta,1770000
Kia,Sportage,2010,243658.0,2000,Petrol,Automatic,SUV,Islamabad,2308000
Toyota,Aqua,2019,115378.0,1500,Hybrid,Automatic,Hybrid,Hyderabad,2356000
Nissan,Dayz,2016,126437.0,660,Petrol,Manual,Hatchback,Quetta,699000
Kia,Picanto,2009,215093.0,1000,CNG,Automatic,Hatchback,Karachi,778000
Suzuki,Vitara,2024,42469.0,1600,Petrol,Manual,SUV,Karachi,6333000
Suzuki,Margalla,2013,200657.0,1300,CNG,Manual,Sedan,Islamabad,1053000
Honda,City,2009,217588.0,1500,CNG,Automatic,Sedan,Rawalpindi,1258000
Toyota,Corolla,2017,123415.0,1600,Petrol,Manual,Sedan,Rawalpindi,2644000
Kia,Picanto,2011,196961.0,1000,CNG,Manual,Hatchback,Islamabad,875000
Changan,Alsvin,2005,276869.0,1400,Petrol,Automatic,Sedan,Hyderabad,622000
Toyota,Fortuner,2018,107718.0,2800,Petrol,Automatic,SUV,Lahore,8379000
Kia,Sorento,2012,176104.0,2500,Petrol,Automatic,SUV,Islamabad,3333000
Changan,Alsvin,2005,258520.0,1400,CNG,Automatic,Sedan,Lahore,716000
Honda,Civic,2006,255109.0,1500,CNG,Automatic,Sedan,Karachi,1356000
Proton,Saga,2011,193200.0,1300,Petrol,Manual,Sedan,Quetta,825000
Daihatsu,Cuore,2015,140380.0,850,Petrol,Automatic,Hatchback,Islamabad,689000
Toyota,Prado,2008,260711.0,2700,Diesel,Automatic,SUV,Peshawar,5228000
Suzuki,Ravi,2017,112170.0,800,Petrol,Manual,Pickup,Faisalabad,715000
Toyota,Fortuner,2019,152195.0,2800,Petrol,Automatic,SUV,Sialkot,7932000
Suzuki,Bolan,2021,3000.0,800,CNG,Manual,Van,Rawalpindi,1591000
Toyota,Yaris,2010,178012.0,1300,Petrol,Automatic,Sedan,Rawalpindi,1129000
MG,HS,2022,50613.0,1500,Diesel,Manual,SUV,Lahore ,6365000
Honda,Civic,2007,261738.0,1500,CNG,Manual,Sedan,Lahore,1467000
Proton,Saga,2024,35551.0,1300,Petrol,Automatic,Sedan,Islamabad,3049000
Toyota,Premio,2020,98953.0,1800,Petrol,Automatic,Sedan,Islamabad,2290000
Suzuki,Alto,2019,85898.0,660,CNG,Manual,Hatchback,Islamabad,1683000
Suzuki,Cultus,2020,91079.0,1000,Petrol,Manual,Hatchback,Lahore,2261000
Kia,Picanto,2022,59528.0,1000,CNG,Automatic,Hatchback,Rawalpindi,2851000
Honda,BRV,2006,223438.0,1500,Petrol,Automatic,SUV,Lahore,1250000
Kia,Sorento,2006,248137.0,2500,Diesel,Automatic,SUV,Faisalabad,2134000
Suzuki,Baleno,2021,46206.0,1300,Petrol,Manual,Hatchback,Peshawar,1812000
Nissan,Dayz,2020,120977.0,660,Petrol,Manual,Hatchback,Quetta,1292000
Suzuki,Liana,2022,57646.0,1300,CNG,Manual,Sedan,Karachi,2609000
Toyota,Prado,2017,168544.0,2700,Petrol,Automatic,SUV,Sialkot,10255000
Honda,City,2021,65911.0,1500,Petrol,Manual,Sedan,Quetta,2957000
Suzuki,Mehran,2014,156809.0,800,CNG,Manual,Hatchback,Sialkot,862000
Toyota,Passo,2010,207790.0,1000,Petrol,Automatic,Hatchback,Islamabad,666000
Suzuki,Bolan,2006,260491.0,800,Petrol,Manual,Van,Rawalpindi,400000
Daihatsu,Cuore,2024,31724.0,850,Petrol,Manual,Hatchback,Lahore,1676000
Toyota,Aqua,2005,259391.0,1500,Hybrid,Automatic,Hybrid,Karachi,676000
Toyota,Fortuner,2024,63530.0,2800,Petrol,Automatic,SUV,Sialkot,13523000
Chery,Tiggo4,2022,38607.0,1500,Petrol,Manual,SUV,Rawalpindi,3040000
Suzuki,WagonR,2009,214157.0,1000,CNG,Automatic,Hatchback,Quetta,621000
Daihatsu,Mira,2024,54077.0,660,Petrol,Manual,Hatchback,Rawalpindi,2327000
Toyota,LandCruiser,2004,280178.0,3300,Petrol,Automatic,SUV,Hyderabad,6177000
Suzuki,Alto,2019,55030.0,660,CNG,Manual,Hatchback,Hyderabad,1540000
Toyota,LandCruiser,2013,165691.0,3300,Diesel,Automatic,SUV,Hyderabad,12419000
Suzuki,Bolan,2017,143642.0,800,CNG,Manual,Van,Rawalpindi,929000
Chery,Tiggo8,2008,211056.0,1600,Diesel,Automatic,SUV,Hyderabad,1709000
Honda,HRV,2012,,1500,Diesel,Manual,SUV,Quetta,2003000
Honda,BRV,2006,219477.0,1500,Petrol,Manual,SUV,Rawalpindi,1170000
Suzuki,Jimny,2012,191155.0,1500,Diesel,Manual,SUV,Lahore,1834000
Toyota,Passo,2013,134521.0,1000,Petrol,Automatic,Hatchback,khi,994000
Toyota,Prius,2015,136895.0,1800,Hybrid,Automatic,Hybrid,Hyderabad,1958000
Suzuki,Swift,2012,173409.0,1200,CNG,Automatic,Hatchback,Faisalabad,1286000
MG,HS,2007,221141.0,1500,Diesel,Automatic,SUV,Karachi,1638000
Suzuki,Jimny,2017,100144.0,1500,Petrol,Manual,SUV,Hyderabad,2656000
Honda,HRV,2022,96210.0,1500,Diesel,Manual,SUV,Islamabad,5230000
Proton,X70,2019,56753.0,1500,Petrol,Manual,SUV,Peshawar,4749000
Honda,Vezel,2004,293593.0,1500,Hybrid,Automatic,Hybrid,Lahore ,961000
Toyota,Premio,2014,122247.0,1800,CNG,Automatic,Sedan,Quetta,1150000
Suzuki,Ravi,2006,286605.0,800,Petrol,Manual,Pickup,Islamabad,400000
Suzuki,Mehran,2007,295521.0,800,CNG,Manual,Hatchback,Islamabad,400000
Honda,Accord,2004,259421.0,2400,CNG,Automatic,Sedan,Islamabad,538000
Hyundai,Santro,2009,200959.0,1000,CNG,Manual,Hatchback,Faisalabad,554000
Proton,Saga,2016,131337.0,1300,Petrol,Manual,Sedan,Multan,1414000
Honda,Civic,2012,219988.0,1500,Petrol,Automatic,Sedan,Faisalabad,2160000
Nissan,Dayz,2012,144697.0,660,Petrol,Manual,Hatchback,Lahore,644000
Hyundai,Sonata,2021,51774.0,2000,CNG,Automatic,Sedan,Lahore,7728000
Honda,BRV,2006,264052.0,1500,Petrol,Manual,SUV,Peshawar,1087000
Suzuki,Khyber,2021,68560.0,1000,Petrol,Automatic,Hatchback,Islamabad,1501000
Toyota,Hilux,2017,135608.0,2800,Petrol,Automatic,Pickup,Sialkot,4750000
Toyota,Passo,2010,194264.0,1000,Petrol,Automatic,Hatchback,Peshawar,705000
Toyota,Yaris,2014,173875.0,1300,Petrol,Manual,Sedan,Islamabad,1354000
Toyota,Aqua,2004,299267.0,1500,Hybrid,Automatic,Hybrid,Peshawar,625000
MG,ZS,2013,176448.0,1500,Petrol,Automatic,SUV,Hyderabad,1943000
Toyota,Prado,2009,189514.0,2700,Petrol,Automatic,SUV,Karachi,5210000
Suzuki,Baleno,2010,201604.0,1300,CNG,Manual,Hatchback,Sialkot,621000
Hyundai,Tucson,2006,275217.0,2000,Petrol,Automatic,SUV,Islamabad,1700000
Kia,Sportage,2011,208848.0,2000,Diesel,Automatic,SUV,Faisalabad,2392000
Kia,Stonic,2011,200920.0,1400,Petrol,Manual,SUV,Quetta,1271000
Toyota,Premio,2009,253480.0,1800,CNG,Manual,Sedan,Islamabad,738000
Suzuki,Liana,2015,122054.0,1300,Petrol,Automatic,Sedan,Peshawar,1391000
MG,HS,2016,131980.0,1500,Diesel,Manual,SUV,Quetta,4139000
Toyota,Prado,2019,86946.0,2700,Diesel,Automatic,SUV,Quetta,16269000
Hyundai,Santro,2020,83084.0,1000,Petrol,Automatic,Hatchback,Quetta,1897000
Toyota,Yaris,2004,268701.0,1300,CNG,Manual,Sedan,Karachi,749000
Toyota,Premio,2004,274226.0,1800,CNG,Automatic,Sedan,Lahore,419000
Toyota,LandCruiser,2013,146403.0,3300,Diesel,Automatic,SUV,Faisalabad,12595000
Suzuki,Bolan,2005,230106.0,800,CNG,Manual,Van,Islamabad,400000
Hyundai,Tucson,2007,255086.0,2000,Diesel,Automatic,SUV,Sialkot,1668000
Toyota,Prado,2018,67824.0,2700,Petrol,Automatic,SUV,Faisalabad,13715000
Toyota,Prius,2023,23508.0,1800,Hybrid,Automatic,Hybrid,Multan,4567000
Kia,Sportage,2017,110040.0,2000,Diesel,Automatic,SUV,Lahore,4272000
Proton,Saga,2006,298424.0,1300,CNG,Automatic,Sedan,Peshawar,592000
Suzuki,Bolan,2017,105983.0,800,Petrol,Manual,Van,Faisalabad,919000
Chery,Tiggo4,2019,54413.0,1500,Diesel,Automatic,SUV,Hyderabad,3021000
Proton,X70,2021,103718.0,1500,Diesel,Automatic,SUV,Faisalabad,5428000
Honda,City,2018,76768.0,1500,Petrol,Manual,Sedan,Quetta,3136000
Suzuki,Bolan,2011,210222.0,800,Petrol,Manual,Van,Hyderabad,459000
Honda,Vezel,2018,98121.0,1500,Hybrid,Automatic,Hybrid,Rawalpindi,3220000
Nissan,Note,2012,183165.0,1200,CNG,Automatic,Hatchback,Rawalpindi,604000
Changan,Alsvin,2017,95416.0,1400,CNG,Manual,Sedan,Islamabad,1802000
Suzuki,Ravi,2024,29851.0,800,Diesel,Manual,Pickup,Karachi,1856000
Toyota,Yaris,2021,87780.0,1300,Petrol,Manual,Sedan,Karachi,3144000
MG,ZS,2024,55563.0,1500,Petrol,Manual,SUV,Multan,4825000
Suzuki,Alto,2007,229697.0,660,CNG,Manual,Hatchback,Lahore,471000
Toyota,Vitz,2014,144596.0,1000,CNG,Manual,Hatchback,Sialkot,979000
Suzuki,Cultus,2017,109328.0,1000,CNG,Automatic,Hatchback,Quetta,1664000
Toyota,Prado,2008,229858.0,2700,Diesel,Automatic,SUV,Peshawar,4702000
Hyundai,Sonata,2012,186412.0,2000,Petrol,Manual,Sedan,Islamabad,2338000
Changan,Oshan,2008,253886.0,1500,Petrol,Automatic,SUV,Karachi,1286000
Daihatsu,Move,2019,121206.0,660,Petrol,Manual,Hatchback,Multan,1561000
Hyundai,Elantra,2023,41586.0,1600,Petrol,Automatic,Sedan,Faisalabad,5342000
Kia,Picanto,2010,206497.0,1000,CNG,Automatic,Hatchback,Karachi,771000
Honda,Vezel,2007,249911.0,1500,Hybrid,Automatic,Hybrid,Lahore,1066000
Nissan,Dayz,2012,173061.0,660,CNG,Manual,Hatchback,Faisalabad,400000
Honda,City,2015,149692.0,1500,CNG,Manual,Sedan,Faisalabad,1735000
Changan,Alsvin,2013,161949.0,1400,Petrol,Manual,Sedan,Multan,1102000
Changan,Oshan,2023,57681.0,1500,Petrol,Manual,SUV,Sialkot,6224000
Kia,Picanto,2006,267876.0,1000,Petrol,Automatic,Hatchback,Rawalpindi,564000
Suzuki,Baleno,2020,89637.0,1300,Petrol,Automatic,Hatchback,Multan,1595000
Toyota,LandCruiser,2007,263960.0,3300,Diesel,Automatic,SUV,Rawalpindi,8124000
Honda,Accord,2013,,2400,Petrol,Manual,Sedan,Peshawar,971000
Toyota,Prius,2020,84592.0,1800,Hybrid,Automatic,Hybrid,Peshawar,3352000
Hyundai,Santro,2013,180202.0,1000,Petrol,Manual,Hatchback,Hyderabad,840000
Toyota,Premio,2016,133783.0,1800,CNG,Automatic,Sedan,Islamabad,1732000
Daihatsu,Move,2015,127704.0,660,CNG,Manual,Hatchback,Sialkot,1052000
Honda,HRV,2013,176609.0,1500,Diesel,Automatic,SUV,Faisalabad,2218000
Suzuki,WagonR,2010,226287.0,1000,Petrol,Manual,Hatchback,Islamabad,679000
Honda,HRV,2017,75711.0,1500,Diesel,Automatic,SUV,Faisalabad,3546000
Daihatsu,Move,2015,107434.0,660,Petrol,Manual,Hatchback,Islamabad,1113000
Toyota,Premio,2020,18415.0,1800,Petrol,Manual,Sedan,Islamabad,3058000
Daihatsu,Cuore,2019,84700.0,850,Petrol,Automatic,Hatchback,Lahore,1150000
Daihatsu,Cuore,2010,195604.0,850,CNG,Manual,Hatchback,khi,664000
Toyota,Corolla,2024,20313.0,1600,Petrol,Automatic,Sedan,Karachi,6332000
Toyota,Prius,2010,158682.0,1800,Hybrid,Automatic,Hybrid,Lahore,1398000
Suzuki,Mehran,2023,38419.0,800,CNG,Manual,Hatchback,Rawalpindi,1718000
Proton,Saga,2020,93604.0,1300,CNG,Manual,Sedan,Lahore,2126000
Toyota,Prado,2012,218956.0,2700,Petrol,Automatic,SUV,Hyderabad,6279000
Suzuki,Cultus,2006,252920.0,1000,Petrol,Automatic,Hatchback,Hyderabad,645000
Hyundai,Santro,2007,239090.0,1000,CNG,Manual,Hatchback,Islamabad,555000
Honda,Accord,2017,89656.0,2400,CNG,Automatic,Sedan,Quetta,2059000
Honda,Vezel,2019,92542.0,1500,Hybrid,Automatic,Hybrid,Rawalpindi,3179000
Suzuki,Mehran,2010,216121.0,800,CNG,Manual,Hatchback,Lahore,400000
Suzuki,Baleno,2005,304938.0,1300,CNG,Manual,Hatchback,khi,400000
Toyota,Prado,2009,236677.0,2700,Petrol,Automatic,SUV,Peshawar,4903000
Toyota,Prius,2006,248543.0,1800,Hybrid,Automatic,Hybrid,Rawalpindi,964000
Kia,Sorento,2015,162563.0,2500,Petrol,Automatic,SUV,Faisalabad,4298000
Suzuki,Jimny,2012,172159.0,1500,Petrol,Automatic,SUV,Karachi,1708000
Suzuki,Margalla,2021,74835.0,1300,CNG,Automatic,Sedan,Hyderabad,2394000
Chery,Tiggo8,2020,79644.0,1600,Diesel,Automatic,SUV,Quetta,5546000
Honda,Civic,2010,177692.0,1500,Petrol,Automatic,Sedan,Rawalpindi,1807000
Changan,Alsvin,2007,253830.0,1400,Petrol,Automatic,Sedan,Peshawar,698000
Kia,Picanto,2024,3000.0,1000,Petrol,Automatic,Hatchback,Lahore,3419000
Honda,City,2015,143212.0,1500,CNG,Automatic,Sedan,Islamabad,1877000
Suzuki,Cultus,2011,192294.0,1000,CNG,Automatic,Hatchback,Sialkot,944000
Hyundai,Sonata,2007,245716.0,2000,CNG,Manual,Sedan,Sialkot,1758000
Hyundai,Tucson,2018,128116.0,2000,Diesel,Automatic,SUV,Rawalpindi,4738000
Suzuki,WagonR,2014,,1000,CNG,Automatic,Hatchback,Rawalpindi,1029000
Toyota,Vitz,2014,231594.0,1000,Petrol,Automatic,Hatchback,Peshawar,976000
Suzuki,Baleno,2006,247618.0,1300,Petrol,Manual,Hatchback,Islamabad,478000
Honda,Civic,2018,90944.0,1500,CNG,Automatic,Sedan,Lahore,4313000
Chery,Tiggo4,2014,136029.0,1500,Petrol,Manual,SUV,Sialkot,1550000
Suzuki,Mehran,2008,226095.0,800,CNG,Manual,Hatchback,Quetta,400000
Suzuki,WagonR,2023,33133.0,1000,Petrol,Manual,Hatchback,Multan,2359000
Suzuki,Alto,2023,52200.0,660,Petrol,Manual,Hatchback,Lahore,2086000
Daihatsu,Cuore,2023,14975.0,850,Petrol,Manual,Hatchback,Hyderabad,1517000
Honda,City,2011,209777.0,1500,CNG,Manual,Sedan,Karachi,1122000
Chery,Tiggo4,2022,34189.0,1500,Petrol,Automatic,SUV,Hyderabad,3220000
Honda,Accord,2017,112469.0,2400,Petrol,Automatic,Sedan,Peshawar,1615000
Daihatsu,Move,2012,171758.0,660,Petrol,Manual,Hatchback,Peshawar,658000
MG,ZS,2015,109239.0,1500,Diesel,Manual,SUV,Hyderabad,2547000
Chery,Tiggo8,2019,95109.0,1600,Petrol,Automatic,SUV,Multan,5200000
Honda,Vezel,2024,3119.0,1500,Hybrid,Automatic,Hybrid,Rawalpindi,5988000
Toyota,Passo,2013,214281.0,1000,Petrol,Automatic,Hatchback,Peshawar,829000
Kia,Sportage,2007,173735.0,2000,Diesel,Automatic,SUV,Lahore,1320000
Suzuki,Jimny,2023,55935.0,1500,Petrol,Automatic,SUV,Rawalpindi,5350000
Honda,BRV,2016,117526.0,1500,Diesel,Manual,SUV,Multan,2994000
Hyundai,Tucson,2015,182035.0,2000,Petrol,Automatic,SUV,Quetta,2841000
Hyundai,Santro,2021,62369.0,1000,CNG,Automatic,Hatchback,Quetta,2030000
Honda,HRV,2004,269290.0,1500,Petrol,Automatic,SUV,Quetta,1155000
Chery,Tiggo8,2013,158917.0,1600,Diesel,Manual,SUV,Sialkot,2652000
Suzuki,Mehran,2007,246091.0,800,Petrol,Manual,Hatchback,Karachi,440000
Suzuki,Bolan,2018,97128.0,800,CNG,Manual,Van,Sialkot,990000
Honda,Vezel,2012,159207.0,1500,Hybrid,Automatic,Hybrid,Lahore,1749000
Toyota,Premio,2014,,1800,Petrol,Automatic,Sedan,Karachi,1135000
Toyota,Corolla,2019,116201.0,1600,CNG,Automatic,Sedan,Hyderabad,3161000
Suzuki,Cultus,2004,281488.0,1000,CNG,Automatic,Hatchback,Rawalpindi,537000
Kia,Picanto,2013,234662.0,1000,Petrol,Automatic,Hatchback,Quetta,1060000
Hyundai,Sonata,2016,100060.0,2000,CNG,Automatic,Sedan,Lahore,4847000
Kia,Sportage,2017,129829.0,2000,Diesel,Automatic,SUV,Multan,4665000
Honda,City,2014,169308.0,1500,CNG,Automatic,Sedan,Sialkot,1631000
Suzuki,Khyber,2019,92638.0,1000,Petrol,Manual,Hatchback,Rawalpindi,1146000
Honda,City,2007,241653.0,1500,CNG,Automatic,Sedan,Multan,922000
Suzuki,WagonR,2016,53809.0,1000,Petrol,Automatic,Hatchback,Faisalabad,1552000
Suzuki,Liana,2021,98394.0,1300,Petrol,Automatic,Sedan,Peshawar,2351000
Hyundai,Sonata,2011,242021.0,2000,CNG,Automatic,Sedan,Sialkot,2284000
Honda,BRV,2023,57041.0,1500,Diesel,Automatic,SUV,Sialkot,5674000
Toyota,Yaris,2008,254227.0,1300,CNG,Automatic,Sedan,Quetta,860000
Toyota,Passo,2019,113706.0,1000,CNG,Manual,Hatchback,Islamabad,1563000
Daihatsu,Mira,2014,139692.0,660,Petrol,Manual,Hatchback,Peshawar,944000
Honda,HRV,2005,255543.0,1500,Petrol,Automatic,SUV,Multan,1023000
Hyundai,Elantra,2014,154345.0,1600,Petrol,Manual,Sedan,Peshawar,2320000
Suzuki,Liana,2016,71392.0,1300,Petrol,Manual,Sedan,Hyderabad,1415000
Hyundai,Santro,2013,165611.0,1000,Petrol,Manual,Hatchback,Karachi,885000
Toyota,LandCruiser,2004,269425.0,3300,Petrol,Automatic,SUV,Sialkot,6352000
Chery,Tiggo4,2013,174041.0,1500,Diesel,Manual,SUV,Quetta,1361000
Proton,Saga,2006,273587.0,1300,Petrol,Manual,Sedan,Rawalpindi,655000
Suzuki,Jimny,2019,125902.0,1500,Diesel,Manual,SUV,Faisalabad,3758000
Toyota,Yaris,2017,90879.0,1300,Petrol,Automatic,Sedan,Lahore,2497000
Daihatsu,Move,2012,203812.0,660,Petrol,Manual,Hatchback,Islamabad,742000
Changan,Alsvin,2017,99469.0,1400,CNG,Manual,Sedan,Karachi,1929000
Suzuki,Cultus,2016,94662.0,1000,Petrol,Manual,Hatchback,Karachi,1638000
MG,HS,2023,63526.0,1500,Petrol,Automatic,SUV,Peshawar,7745000
Suzuki,Vitara,2024,12542.0,1600,Diesel,Manual,SUV,Faisalabad,5669000
MG,HS,2010,206676.0,1500,Diesel,Automatic,SUV,Lahore,1949000
Changan,Alsvin,2013,183970.0,1400,Petrol,Automatic,Sedan,Islamabad,1168000
Chery,Tiggo8,2023,3000.0,1600,Petrol,Manual,SUV,Faisalabad,6601000
Toyota,Prius,2012,182330.0,1800,Hybrid,Automatic,Hybrid,Sialkot,1356000
Hyundai,Elantra,2010,178241.0,1600,Petrol,Automatic,Sedan,Sialkot,1684000
Toyota,Yaris,2015,206017.0,1300,CNG,Automatic,Sedan,Rawalpindi,1777000
Suzuki,Liana,2015,133889.0,1300,CNG,Automatic,Sedan,Quetta,1177000
Toyota,Prius,2019,76788.0,1800,Hybrid,Automatic,Hybrid,Multan,3258000
Toyota,Aqua,2013,143940.0,1500,Hybrid,Automatic,Hybrid,Karachi,1184000
Honda,Vezel,2006,287764.0,1500,Hybrid,Automatic,Hybrid,Sialkot,948000
MG,HS,2017,86243.0,1500,Petrol,Manual,SUV,Multan,4339000
Honda,Civic,2008,236237.0,1500,CNG,Manual,Sedan,Rawalpindi,1410000
Toyota,LandCruiser,2016,116624.0,3300,Petrol,Automatic,SUV,Multan,20357000
Suzuki,Vitara,2010,189232.0,1600,Diesel,Manual,SUV,Karachi,1500000
Suzuki,Khyber,2020,90709.0,1000,Petrol,Manual,Hatchback,Lahore,1207000
Suzuki,WagonR,2020,,1000,CNG,Manual,Hatchback,Karachi,2190000
Hyundai,Santro,2008,239090.0,1000,CNG,Manual,Hatchback,Rawalpindi,569000
Nissan,Dayz,2024,23170.0,660,Petrol,Manual,Hatchback,Multan,1868000
Honda,BRV,2020,86262.0,1500,Petrol,Manual,SUV,Islamabad,3839000
Kia,Stonic,2008,,1400,Diesel,Automatic,SUV,Karachi,1288000
Toyota,Yaris,2009,229496.0,1300,CNG,Automatic,Sedan,Sialkot,1099000
Toyota,Passo,2024,18457.0,1000,CNG,Automatic,Hatchback,Faisalabad,2722000
Chery,Tiggo8,2009,,1600,Diesel,Automatic,SUV,Peshawar,1811000
Daihatsu,Move,2014,148998.0,660,Petrol,Manual,Hatchback,Peshawar,882000
Toyota,Prado,2008,232316.0,2700,Petrol,Automatic,SUV,Sialkot,5317000
Daihatsu,Mira,2023,60114.0,660,Petrol,Manual,Hatchback,Hyderabad,2027000
Nissan,Note,2016,144118.0,1200,CNG,Automatic,Hatchback,Hyderabad,838000
Toyota,LandCruiser,2021,71455.0,3300,Petrol,Automatic,SUV,Quetta,29108000
Honda,City,2005,297776.0,1500,CNG,Manual,Sedan,Peshawar,800000
Suzuki,Vitara,2022,70738.0,1600,Diesel,Automatic,SUV,Karachi,5314000
Chery,Tiggo8,2014,156789.0,1600,Diesel,Automatic,SUV,Quetta,2681000
Honda,BRV,2022,50130.0,1500,Diesel,Manual,SUV,Lahore,5168000
Hyundai,Tucson,2024,3000.0,2000,Petrol,Automatic,SUV,Quetta,8981000
MG,ZS,2005,296108.0,1500,Petrol,Manual,SUV,Quetta,914000
Toyota,Hilux,2019,108958.0,2800,Diesel,Automatic,Pickup,Faisalabad,5807000
Honda,HRV,2022,42857.0,1500,Diesel,Automatic,SUV,Sialkot,6027000
Suzuki,Khyber,2004,281535.0,1000,Petrol,Automatic,Hatchback,Karachi,400000
Toyota,Aqua,2015,116439.0,1500,Hybrid,Automatic,Hybrid,Sialkot,1938000
Honda,Vezel,2008,211925.0,1500,Hybrid,Automatic,Hybrid,Karachi,1166000
Toyota,Fortuner,2014,160829.0,2800,Petrol,Automatic,SUV,Quetta,5176000
Toyota,Aqua,2009,233222.0,1500,Hybrid,Automatic,Hybrid,Lahore,868000
Toyota,Vitz,2009,211585.0,1000,CNG,Manual,Hatchback,khi,616000
Daihatsu,Move,2017,99153.0,660,Petrol,Manual,Hatchback,Hyderabad,1413000
Toyota,Fortuner,2012,182133.0,2800,Diesel,Automatic,SUV,Islamabad,5223000
Suzuki,Jimny,2017,105936.0,1500,Petrol,Automatic,SUV,Hyderabad,2725000
Suzuki,Alto,2012,252230.0,660,CNG,Manual,Hatchback,Hyderabad,725000
Suzuki,Khyber,2005,292102.0,1000,Petrol,Automatic,Hatchback,Quetta,431000
Suzuki,Liana,2023,29615.0,1300,CNG,Manual,Sedan,Multan,2878000
Honda,BRV,2021,37483.0,1500,Petrol,Manual,SUV,Sialkot,4603000
Toyota,Prius,2021,86858.0,1800,Hybrid,Automatic,Hybrid,Karachi,3847000
Suzuki,Vitara,2014,136984.0,1600,Diesel,Automatic,SUV,Peshawar,2687000
Toyota,Yaris,2016,112638.0,1300,CNG,Automatic,Sedan,Karachi,2009000
Toyota,Aqua,2006,301697.0,1500,Hybrid,Automatic,Hybrid,Karachi,771000
Honda,Vezel,2009,200098.0,1500,Hybrid,Automatic,Hybrid,Sialkot,1291000
Toyota,Yaris,2016,133378.0,1300,CNG,Manual,Sedan,Sialkot,1851000
Suzuki,Margalla,2017,106471.0,1300,CNG,Automatic,Sedan,Hyderabad,1394000
Kia,Sportage,2023,40702.0,2000,Petrol,Automatic,SUV,Lahore,7653000
Toyota,Yaris,2022,39581.0,1300,Petrol,Automatic,Sedan,Peshawar,3795000
Nissan,Note,2007,260793.0,1200,CNG,Automatic,Hatchback,Hyderabad,400000
Toyota,Corolla,2010,184447.0,1600,CNG,Manual,Sedan,Quetta,1531000
Toyota,Vitz,2022,7922.0,1000,Petrol,Automatic,Hatchback,Hyderabad,2565000
Proton,X70,2015,81031.0,1500,Petrol,Manual,SUV,Lahore,3191000
Toyota,Passo,2012,170106.0,1000,CNG,Manual,Hatchback,Islamabad,660000
Honda,Accord,2022,53105.0,2400,CNG,Manual,Sedan,Faisalabad,2316000
Changan,Oshan,2016,150884.0,1500,Diesel,Automatic,SUV,Rawalpindi,3214000
Toyota,Prius,2010,143881.0,1800,Hybrid,Automatic,Hybrid,Multan,1498000
Suzuki,Khyber,2006,281920.0,1000,Petrol,Automatic,Hatchback,Multan,400000
Daihatsu,Mira,2007,272387.0,660,Petrol,Manual,Hatchback,Lahore,506000
Suzuki,Vitara,2007,264366.0,1600,Petrol,Automatic,SUV,Lahore,1333000
Toyota,Premio,2023,50841.0,1800,CNG,Manual,Sedan,Faisalabad,2733000
Chery,Tiggo4,2007,271995.0,1500,Petrol,Automatic,SUV,Multan,949000
Kia,Sorento,2018,103022.0,2500,Diesel,Automatic,SUV,Karachi,5965000
Toyota,Premio,2018,111182.0,1800,CNG,Automatic,Sedan,Hyderabad,1717000
Honda,HRV,2015,144946.0,1500,Diesel,Automatic,SUV,Sialkot,2918000
Suzuki,Mehran,2021,42198.0,800,Petrol,Manual,Hatchback,Rawalpindi,1727000
Changan,Alsvin,2010,229785.0,1400,Petrol,Automatic,Sedan,Peshawar,902000
Suzuki,Khyber,2009,256738.0,1000,CNG,Automatic,Hatchback,Sialkot,400000
MG,HS,2013,165480.0,1500,Diesel,Manual,SUV,Rawalpindi,2569000
Toyota,Passo,2024,3000.0,1000,Petrol,Manual,Hatchback,Quetta,2766000
Changan,Alsvin,2019,50451.0,1400,Petrol,Manual,Sedan,Sialkot,2373000
Proton,Saga,2017,117412.0,1300,Petrol,Manual,Sedan,Hyderabad,1597000
Daihatsu,Cuore,2013,154370.0,850,CNG,Manual,Hatchback,Rawalpindi,400000
Kia,Sorento,2015,152830.0,2500,Diesel,Automatic,SUV,Multan,4748000
Toyota,LandCruiser,2007,265927.0,3300,Diesel,Automatic,SUV,Islamabad,8645000
Suzuki,Bolan,2007,256542.0,800,CNG,Manual,Van,Sialkot,400000
Kia,Picanto,2009,232484.0,1000,Petrol,Automatic,Hatchback,Karachi,720000
Toyota,Prado,2015,162083.0,2700,Petrol,Automatic,SUV,Faisalabad,7950000
Honda,Vezel,2004,280651.0,1500,Hybrid,Automatic,Hybrid,Sialkot,824000
Kia,Stonic,2017,90196.0,1400,Petrol,Manual,SUV,Quetta,2917000
Toyota,Fortuner,2008,286672.0,2800,Diesel,Automatic,SUV,Sialkot,3493000
Suzuki,Liana,2004,263136.0,1300,Petrol,Manual,Sedan,Faisalabad,717000
Proton,X70,2011,213820.0,1500,Diesel,Manual,SUV,Multan,2036000
Suzuki,Jimny,2009,236066.0,1500,Petrol,Automatic,SUV,Sialkot,1406000
Nissan,Dayz,2006,247883.0,660,Petrol,Manual,Hatchback,Karachi,466000
Toyota,Fortuner,2024,44401.0,2800,Diesel,Automatic,SUV,Hyderabad,14497000
Daihatsu,Move,2011,180582.0,660,CNG,Manual,Hatchback,Rawalpindi,773000
Daihatsu,Mira,2004,313749.0,660,Petrol,Manual,Hatchback,Quetta,400000
Honda,Vezel,2008,207902.0,1500,Hybrid,Automatic,Hybrid,Faisalabad,1110000
Hyundai,Sonata,2009,253610.0,2000,CNG,Automatic,Sedan,Peshawar,2091000
Nissan,Dayz,2019,117982.0,660,Petrol,Manual,Hatchback,Quetta,1143000
Suzuki,Swift,2006,225014.0,1200,CNG,Manual,Hatchback,Rawalpindi,730000
Toyota,Yaris,2014,148738.0,1300,CNG,Automatic,Sedan,Lahore,1822000
Suzuki,Margalla,2015,194218.0,1300,CNG,Automatic,Sedan,Faisalabad,1019000
Toyota,Prius,2009,197791.0,1800,Hybrid,Automatic,Hybrid,Karachi,1097000
Suzuki,Khyber,2010,191890.0,1000,Petrol,Manual,Hatchback,Hyderabad,404000
Suzuki,Margalla,2023,51631.0,1300,CNG,Manual,Sedan,Peshawar,2676000
Kia,Sportage,2012,178455.0,2000,Diesel,Automatic,SUV,Quetta,2619000
Changan,Oshan,2010,159579.0,1500,Petrol,Manual,SUV,Faisalabad,1788000
Chery,Tiggo8,2006,279003.0,1600,Diesel,Automatic,SUV,Peshawar,1567000
Suzuki,WagonR,2013,149838.0,1000,Petrol,Manual,Hatchback,Peshawar,1009000
Suzuki,Cultus,2015,140271.0,1000,Petrol,Manual,Hatchback,Rawalpindi,1346000
Chery,Tiggo4,2009,162659.0,1500,Petrol,Automatic,SUV,Islamabad,1041000
Hyundai,Elantra,2005,257178.0,1600,CNG,Manual,Sedan,Sialkot,1080000
Honda,Civic,2013,183718.0,1500,Petrol,Manual,Sedan,Karachi,2380000
Toyota,Passo,2007,228240.0,1000,Petrol,Manual,Hatchback,Rawalpindi,513000
Nissan,Dayz,2023,83525.0,660,Petrol,Manual,Hatchback,Lahore,1636000
Daihatsu,Move,2013,205800.0,660,CNG,Manual,Hatchback,Peshawar,833000
Toyota,Hilux,2016,93318.0,2800,Diesel,Automatic,Pickup,Multan,4765000
Toyota,LandCruiser,2011,206208.0,3300,Petrol,Automatic,SUV,Lahore,12592000
Suzuki,Swift,2004,269471.0,1200,Petrol,Automatic,Hatchback,Islamabad,661000
MG,HS,2019,95559.0,1500,Petrol,Manual,SUV,Lahore,4404000
Toyota,LandCruiser,2024,10204.0,3300,Petrol,Automatic,SUV,Karachi,44685000
Toyota,Fortuner,2005,298602.0,2800,Diesel,Automatic,SUV,Peshawar,2844000
Honda,HRV,2010,232847.0,1500,Diesel,Manual,SUV,Sialkot,1739000
Hyundai,Sonata,2009,241618.0,2000,Petrol,Automatic,Sedan,Lahore,2381000
Honda,Civic,2006,258681.0,1500,Petrol,Manual,Sedan,Karachi,1196000
Honda,Civic,2015,148737.0,1500,Petrol,Automatic,Sedan,Rawalpindi,2983000
Honda,HRV,2022,90002.0,1500,Diesel,Automatic,SUV,Rawalpindi,5608000
Suzuki,Swift,2020,52000.0,1200,CNG,Manual,Hatchback,Faisalabad,2403000
Daihatsu,Move,2023,9594.0,660,CNG,Manual,Hatchback,Lahore,2486000
Suzuki,WagonR,2023,33133.0,1000,Petrol,Manual,Hatchback,Multan,2359000
Hyundai,Sonata,2006,293224.0,2000,Petrol,Automatic,Sedan,Rawalpindi,1862000
Toyota,Premio,2020,71873.0,1800,CNG,Manual,Sedan,Rawalpindi,2284000
Toyota,LandCruiser,2021,27623.0,3300,Petrol,Automatic,SUV,Faisalabad,34981000
Suzuki,Bolan,2019,83664.0,800,Petrol,Manual,Van,Quetta,1120000
Toyota,LandCruiser,2012,179698.0,3300,Diesel,Automatic,SUV,Peshawar,11547000
Nissan,Note,2011,161914.0,1200,CNG,Manual,Hatchback,Rawalpindi,491000
Toyota,Prius,2009,180544.0,1800,Hybrid,Automatic,Hybrid,Karachi,1411000
Daihatsu,Cuore,2010,237002.0,850,Petrol,Automatic,Hatchback,Quetta,400000
Nissan,Note,2011,194245.0,1200,CNG,Automatic,Hatchback,Hyderabad,400000
Hyundai,Sonata,2006,269608.0,2000,Petrol,Automatic,Sedan,Sialkot,1669000
Changan,Alsvin,2023,22773.0,1400,Petrol,Manual,Sedan,Peshawar,3461000
Suzuki,Khyber,2004,267254.0,1000,CNG,Manual,Hatchback,Hyderabad,400000
Chery,Tiggo8,2016,146189.0,1600,Diesel,Manual,SUV,Karachi,2834000
Hyundai,Elantra,2022,67770.0,1600,Petrol,Automatic,Sedan,Hyderabad,5517000
MG,HS,2023,40304.0,1500,Diesel,Manual,SUV,Peshawar,7203000
Suzuki,Vitara,2010,253532.0,1600,Diesel,Automatic,SUV,Sialkot,1429000
Suzuki,Swift,2018,114007.0,1200,CNG,Manual,Hatchback,Hyderabad,2057000
Suzuki,WagonR,2024,3000.0,1000,Petrol,Manual,Hatchback,Peshawar,3033000
Suzuki,Margalla,2007,198685.0,1300,Petrol,Manual,Sedan,Faisalabad,535000
Honda,BRV,2006,237711.0,1500,Diesel,Manual,SUV,Peshawar,1195000
Hyundai,Santro,2020,79275.0,1000,Petrol,Automatic,Hatchback,Hyderabad,1984000
Chery,Tiggo8,2008,193795.0,1600,Petrol,Manual,SUV,Hyderabad,1722000
Nissan,Note,2018,95159.0,1200,Petrol,Manual,Hatchback,Faisalabad,1191000
Honda,Vezel,2023,65825.0,1500,Hybrid,Automatic,Hybrid,Peshawar,4093000
Suzuki,Bolan,2023,23409.0,800,Petrol,Manual,Van,Sialkot,1616000
MG,HS,2019,100449.0,1500,Petrol,Manual,SUV,Peshawar,4670000
Nissan,Note,2010,214380.0,1200,CNG,Manual,Hatchback,Lahore,400000
Suzuki,Vitara,2020,61443.0,1600,Petrol,Automatic,SUV,Sialkot,4314000
Toyota,Hilux,2022,59813.0,2800,Diesel,Automatic,Pickup,Rawalpindi,8056000
Suzuki,Swift,2015,162833.0,1200,Petrol,Manual,Hatchback,Peshawar,1544000
Toyota,LandCruiser,2018,143818.0,3300,Diesel,Automatic,SUV,Peshawar,22694000
MG,ZS,2006,,1500,Petrol,Manual,SUV,Multan,1037000
Proton,X70,2021,58983.0,1500,Diesel,Manual,SUV,Quetta,5076000
Daihatsu,Mira,2020,86793.0,660,CNG,Manual,Hatchback,Rawalpindi,1604000
Hyundai,Tucson,2016,113331.0,2000,Diesel,Automatic,SUV,Islamabad,3805000
Suzuki,Ravi,2018,154785.0,800,Petrol,Manual,Pickup,Sialkot,828000
Hyundai,Tucson,2014,165381.0,2000,Diesel,Automatic,SUV,Peshawar,3042000
Suzuki,Bolan,2007,212075.0,800,Petrol,Manual,Van,Islamabad,400000
Proton,Saga,2006,298424.0,1300,CNG,Automatic,Sedan,Peshawar,592000
Suzuki,Baleno,2018,106522.0,1300,CNG,Manual,Hatchback,Hyderabad,1264000
Toyota,Corolla,2024,22960.0,1600,CNG,Manual,Sedan,Peshawar,6048000
Suzuki,Baleno,2016,135923.0,1300,Petrol,Automatic,Hatchback,Faisalabad,1076000
Honda,Civic,2019,109121.0,1500,Petrol,Manual,Sedan,Islamabad,4106000
Kia,Picanto,2022,18394.0,1000,Petrol,Manual,Hatchback,Quetta,2851000
Suzuki,Ravi,2019,100208.0,800,Diesel,Manual,Pickup,Karachi,970000
Daihatsu,Mira,2008,279987.0,660,CNG,Manual,Hatchback,Faisalabad,508000
Suzuki,Bolan,2005,256860.0,800,Petrol,Manual,Van,Lahore,400000
MG,HS,2005,268778.0,1500,Petrol,Manual,SUV,Quetta,1242000
Daihatsu,Mira,2018,78287.0,660,Petrol,Manual,Hatchback,Rawalpindi,1443000
Kia,Stonic,2011,168803.0,1400,Diesel,Manual,SUV,Peshawar,1538000
Suzuki,Liana,2005,285991.0,1300,Petrol,Manual,Sedan,Quetta,621000
Suzuki,Alto,2005,296608.0,660,CNG,Manual,Hatchback,Islamabad,400000
Kia,Picanto,2016,165098.0,1000,Petrol,Manual,Hatchback,Faisalabad,1215000
Chery,Tiggo8,2011,208074.0,1600,Petrol,Automatic,SUV,Rawalpindi,2108000
Toyota,Aqua,2010,197409.0,1500,Hybrid,Automatic,Hybrid,Karachi,953000
Proton,Saga,2021,84517.0,1300,Petrol,Automatic,Sedan,Quetta,2162000
Changan,Alsvin,2008,220249.0,1400,CNG,Manual,Sedan,Faisalabad,832000
Hyundai,Santro,2012,140331.0,1000,Petrol,Manual,Hatchback,Islamabad,936000
Suzuki,Vitara,2024,62546.0,1600,Diesel,Automatic,SUV,Rawalpindi,5989000
Daihatsu,Move,2022,71420.0,660,CNG,Manual,Hatchback,Lahore,2241000
Suzuki,Alto,2004,262591.0,660,CNG,Manual,Hatchback,khi,400000
Hyundai,Tucson,2019,98295.0,2000,Diesel,Automatic,SUV,Multan,4898000
Toyota,Prius,2011,168060.0,1800,Hybrid,Automatic,Hybrid,Quetta,1302000
Suzuki,Swift,2008,244248.0,1200,Petrol,Automatic,Hatchback,Multan,838000
Toyota,Yaris,2024,49438.0,1300,Petrol,Automatic,Sedan,Islamabad,4213000
Daihatsu,Cuore,2004,304485.0,850,Petrol,Manual,Hatchback,Rawalpindi,479000
Honda,Civic,2013,133321.0,1500,CNG,Manual,Sedan,Multan,2696000
Changan,Oshan,2012,177709.0,1500,Diesel,Automatic,SUV,Islamabad,2061000
Hyundai,Santro,2007,240215.0,1000,CNG,Manual,Hatchback,Rawalpindi,500000
Suzuki,Cultus,2016,129553.0,1000,CNG,Automatic,Hatchback,Karachi,1465000
Toyota,Aqua,2016,151282.0,1500,Hybrid,Automatic,Hybrid,Rawalpindi,1752000
Suzuki,Baleno,2015,147277.0,1300,CNG,Automatic,Hatchback,Lahore,1031000
Suzuki,Jimny,2019,83247.0,1500,Petrol,Manual,SUV,Hyderabad,3523000
Toyota,Vitz,2022,44376.0,1000,Petrol,Automatic,Hatchback,Sialkot,2530000
Honda,City,2005,220519.0,1500,Petrol,Manual,Sedan,Islamabad,909000
Changan,Oshan,2013,220924.0,1500,Petrol,Automatic,SUV,Sialkot,2429000
Proton,Saga,2006,251554.0,1300,Petrol,Manual,Sedan,Karachi,571000
Suzuki,Alto,2011,200572.0,660,Petrol,Manual,Hatchback,Hyderabad,555000
Suzuki,Bolan,2011,177544.0,800,Petrol,Manual,Van,Karachi,500000
Chery,Tiggo8,2014,191165.0,1600,Petrol,Automatic,SUV,Multan,2435000
Suzuki,Liana,2019,81832.0,1300,CNG,Automatic,Sedan,Rawalpindi,1757000
Kia,Picanto,2017,118774.0,1000,Petrol,Automatic,Hatchback,Quetta,1529000
Kia,Sportage,2009,243208.0,2000,Petrol,Automatic,SUV,Sialkot,1700000
Honda,Accord,2004,250893.0,2400,CNG,Automatic,Sedan,Islamabad,745000
Honda,Accord,2007,205475.0,2400,CNG,Manual,Sedan,Karachi,743000
Kia,Sorento,2021,62822.0,2500,Diesel,Automatic,SUV,Faisalabad,8258000
Kia,Stonic,2023,5329.0,1400,Diesel,Automatic,SUV,Sialkot,5803000
Honda,HRV,2011,157107.0,1500,Diesel,Automatic,SUV,Quetta,2064000
Suzuki,Alto,2017,136662.0,660,Petrol,Manual,Hatchback,Karachi,1107000
Toyota,Fortuner,2016,136066.0,2800,Diesel,Automatic,SUV,Karachi,6978000
Changan,Alsvin,2014,114844.0,1400,Petrol,Manual,Sedan,Sialkot,1293000
Hyundai,Santro,2005,249376.0,1000,Petrol,Automatic,Hatchback,Faisalabad,495000
Toyota,Yaris,2022,16434.0,1300,CNG,Automatic,Sedan,Islamabad,4123000
Toyota,Vitz,2005,,1000,CNG,Manual,Hatchback,Karachi,520000
MG,ZS,2016,120918.0,1500,Diesel,Manual,SUV,Islamabad,2307000
Toyota,Premio,2010,225100.0,1800,CNG,Manual,Sedan,Lahore,969000
Suzuki,Alto,2023,41980.0,660,CNG,Manual,Hatchback,Karachi,2039000
Changan,Oshan,2009,230912.0,1500,Diesel,Automatic,SUV,Sialkot,1923000
Toyota,Premio,2006,,1800,Petrol,Automatic,Sedan,Karachi,422000
Toyota,Corolla,2011,172815.0,1600,CNG,Manual,Sedan,Hyderabad,1517000
Toyota,Fortuner,2005,273708.0,2800,Petrol,Automatic,SUV,Rawalpindi,2944000
Toyota,Prado,2008,281384.0,2700,Petrol,Automatic,SUV,Rawalpindi,4598000
Suzuki,Khyber,2008,242491.0,1000,CNG,Manual,Hatchback,khi,400000
Suzuki,Cultus,2015,153131.0,1000,Petrol,Automatic,Hatchback,Quetta,1234000
Honda,Civic,2012,166592.0,1500,Petrol,Manual,Sedan,Islamabad,2082000
Suzuki,Baleno,2017,99561.0,1300,CNG,Automatic,Hatchback,Quetta,1233000
Changan,Oshan,2018,103254.0,1500,Petrol,Manual,SUV,Sialkot,4036000
Hyundai,Sonata,2019,,2000,CNG,Manual,Sedan,Multan,5787000
Kia,Stonic,2017,132308.0,1400,Petrol,Automatic,SUV,Lahore,2273000
Hyundai,Tucson,2009,240895.0,2000,Petrol,Automatic,SUV,Faisalabad,1921000
Kia,Picanto,2008,211411.0,1000,Petrol,Automatic,Hatchback,Islamabad,666000
Daihatsu,Move,2017,135269.0,660,CNG,Manual,Hatchback,Quetta,1209000
Suzuki,Margalla,2004,265329.0,1300,Petrol,Automatic,Sedan,Hyderabad,730000
Toyota,Yaris,2016,138326.0,1300,Petrol,Automatic,Sedan,Faisalabad,1991000
Chery,Tiggo4,2022,64331.0,1500,Petrol,Manual,SUV,Peshawar,3385000
Changan,Alsvin,2008,219976.0,1400,Petrol,Automatic,Sedan,Quetta,842000
Chery,Tiggo8,2004,296941.0,1600,Petrol,Automatic,SUV,Islamabad,1314000
Kia,Stonic,2014,126190.0,1400,Diesel,Manual,SUV,Sialkot,2091000
Suzuki,WagonR,2017,118477.0,1000,Petrol,Automatic,Hatchback,Hyderabad,1352000
Suzuki,Margalla,2009,216509.0,1300,CNG,Automatic,Sedan,Hyderabad,943000
Hyundai,Tucson,2005,,2000,Diesel,Automatic,SUV,Islamabad,1662000
Changan,Oshan,2012,195854.0,1500,Diesel,Manual,SUV,Faisalabad,1955000
Suzuki,Jimny,2011,205998.0,1500,Diesel,Manual,SUV,Islamabad,1641000
Toyota,LandCruiser,2023,48584.0,3300,Diesel,Automatic,SUV,Faisalabad,39123000
Kia,Picanto,2015,142965.0,1000,CNG,Automatic,Hatchback,Faisalabad,1232000
Hyundai,Sonata,2012,126943.0,2000,CNG,Automatic,Sedan,Multan,3434000
Honda,Civic,2012,268351.0,1500,CNG,Automatic,Sedan,Peshawar,2378000
Suzuki,Ravi,2018,111220.0,800,Petrol,Manual,Pickup,Quetta,973000
Suzuki,WagonR,2009,239671.0,1000,Petrol,Manual,Hatchback,Peshawar,709000
Suzuki,Vitara,2009,191295.0,1600,Petrol,Manual,SUV,Sialkot,1340000
Hyundai,Elantra,2005,269136.0,1600,CNG,Automatic,Sedan,Sialkot,1088000
Honda,Civic,2004,219185.0,1500,Petrol,Automatic,Sedan,Sialkot,1206000
Honda,Vezel,2019,72199.0,1500,Hybrid,Automatic,Hybrid,Sialkot,3352000
Suzuki,Jimny,2006,230104.0,1500,Diesel,Manual,SUV,Karachi,1051000
Toyota,Premio,2010,196785.0,1800,CNG,Manual,Sedan,Lahore,747000
Toyota,Yaris,2024,12572.0,1300,Petrol,Automatic,Sedan,Lahore,4847000
Suzuki,Ravi,2013,159125.0,800,Diesel,Manual,Pickup,Karachi,536000
Suzuki,Swift,2013,194187.0,1200,CNG,Manual,Hatchback,Hyderabad,1379000
Suzuki,Cultus,2016,141325.0,1000,Petrol,Manual,Hatchback,Faisalabad,1284000
Suzuki,Cultus,2009,216753.0,1000,Petrol,Manual,Hatchback,Rawalpindi,846000
Hyundai,Tucson,2011,141061.0,2000,Petrol,Automatic,SUV,Hyderabad,2642000
Suzuki,Vitara,2014,184955.0,1600,Petrol,Automatic,SUV,Quetta,2005000
Suzuki,Cultus,2014,154549.0,1000,Petrol,Manual,Hatchback,Hyderabad,954000
Hyundai,Santro,2005,333869.0,1000,Petrol,Automatic,Hatchback,Karachi,535000
Honda,Accord,2022,53105.0,2400,CNG,Manual,Sedan,Faisalabad,2316000
Suzuki,Khyber,2021,43873.0,1000,Petrol,Automatic,Hatchback,Islamabad,1514000
Daihatsu,Mira,2006,262385.0,660,CNG,Manual,Hatchback,Karachi,425000
MG,HS,2012,174022.0,1500,Diesel,Automatic,SUV,Islamabad,2507000
Changan,Oshan,2024,41781.0,1500,Diesel,Manual,SUV,Karachi,7137000
Daihatsu,Mira,2006,256621.0,660,Petrol,Manual,Hatchback,Peshawar,433000
Suzuki,Khyber,2005,278599.0,1000,CNG,Manual,Hatchback,Peshawar,426000
Honda,HRV,2022,37954.0,1500,Petrol,Automatic,SUV,Islamabad,5292000
Honda,BRV,2014,104419.0,1500,Diesel,Automatic,SUV,Lahore,2411000
Suzuki,Baleno,2004,306451.0,1300,Petrol,Manual,Hatchback,Peshawar,404000
Chery,Tiggo8,2023,88230.0,1600,Petrol,Automatic,SUV,Hyderabad,6965000
Kia,Picanto,2012,173315.0,1000,CNG,Automatic,Hatchback,Islamabad,980000
Changan,Oshan,2008,273263.0,1500,Diesel,Automatic,SUV,Rawalpindi,1525000
Chery,Tiggo8,2020,52657.0,1600,Petrol,Automatic,SUV,Karachi,5213000
Suzuki,Bolan,2010,244579.0,800,CNG,Manual,Van,Faisalabad,458000
Proton,Saga,2022,31115.0,1300,CNG,Automatic,Sedan,Multan,2649000
Kia,Picanto,2006,260631.0,1000,CNG,Manual,Hatchback,Faisalabad,578000
Honda,Civic,2008,232919.0,1500,Petrol,Manual,Sedan,Islamabad,1688000
Toyota,Yaris,2004,250662.0,1300,Petrol,Manual,Sedan,Quetta,564000
Suzuki,Baleno,2005,285092.0,1300,CNG,Automatic,Hatchback,Lahore,417000
Honda,BRV,2009,220249.0,1500,Diesel,Manual,SUV,Sialkot,1420000
Hyundai,Sonata,2023,39854.0,2000,CNG,Automatic,Sedan,Karachi,8470000
Proton,Saga,2017,92709.0,1300,CNG,Manual,Sedan,Multan,1703000
Suzuki,Alto,2020,,660,Petrol,Manual,Hatchback,Peshawar,1559000
Proton,X70,2005,279823.0,1500,Petrol,Automatic,SUV,Sialkot,1314000
Honda,City,2024,57810.0,1500,Petrol,Automatic,Sedan,Sialkot,4454000
Suzuki,Alto,2021,96648.0,660,CNG,Manual,Hatchback,Faisalabad,1538000
Hyundai,Elantra,2008,246745.0,1600,CNG,Manual,Sedan,Sialkot,1051000
Toyota,Aqua,2016,153414.0,1500,Hybrid,Automatic,Hybrid,Karachi,1646000
Toyota,Vitz,2013,149720.0,1000,CNG,Manual,Hatchback,Sialkot,925000
Suzuki,Baleno,2004,304953.0,1300,CNG,Automatic,Hatchback,Rawalpindi,443000
Toyota,Prado,2010,212365.0,2700,Diesel,Automatic,SUV,Sialkot,6965000
Hyundai,Santro,2023,53566.0,1000,Petrol,Automatic,Hatchback,Hyderabad,2487000
Honda,BRV,2016,144211.0,1500,Diesel,Manual,SUV,Faisalabad,2796000
MG,ZS,2011,175431.0,1500,Diesel,Automatic,SUV,Peshawar,1634000
Suzuki,Liana,2020,93782.0,1300,Petrol,Automatic,Sedan,Quetta,2130000
Changan,Alsvin,2009,160680.0,1400,CNG,Manual,Sedan,Islamabad,1008000
Honda,Vezel,2020,73776.0,1500,Hybrid,Automatic,Hybrid,Faisalabad,3290000
Proton,Saga,2019,43110.0,1300,Petrol,Manual,Sedan,Peshawar,1888000
Suzuki,Khyber,2017,132922.0,1000,CNG,Manual,Hatchback,Rawalpindi,792000
Honda,City,2011,239287.0,1500,CNG,Automatic,Sedan,Multan,1101000
Hyundai,Tucson,2024,3000.0,2000,Diesel,Automatic,SUV,Lahore,8714000
Toyota,Hilux,2024,3000.0,2800,Petrol,Automatic,Pickup,Lahore,10426000
Toyota,Prius,2012,141871.0,1800,Hybrid,Automatic,Hybrid,Peshawar,1468000
Daihatsu,Move,2020,56328.0,660,Petrol,Manual,Hatchback,Quetta,1877000
Toyota,Yaris,2015,142063.0,1300,Petrol,Automatic,Sedan,Karachi,1788000
Hyundai,Elantra,2009,197536.0,1600,Petrol,Automatic,Sedan,Hyderabad,1483000
Toyota,Corolla,2018,115778.0,1600,Petrol,Automatic,Sedan,Quetta,3565000
Proton,X70,2006,272898.0,1500,Diesel,Automatic,SUV,Hyderabad,1497000
Toyota,Yaris,2007,241643.0,1300,Petrol,Automatic,Sedan,Hyderabad,938000
Suzuki,WagonR,2022,102759.0,1000,CNG,Automatic,Hatchback,Islamabad,2325000
Honda,City,2024,89208.0,1500,Petrol,Automatic,Sedan,Peshawar,4067000
Hyundai,Elantra,2009,206513.0,1600,Petrol,Manual,Sedan,Islamabad,1273000
Proton,X70,2024,3000.0,1500,Petrol,Automatic,SUV,Multan,8438000
Suzuki,Liana,2024,58171.0,1300,Petrol,Automatic,Sedan,Karachi,2757000
Suzuki,Baleno,2008,240808.0,1300,Petrol,Manual,Hatchback,Hyderabad,549000
Suzuki,Baleno,2007,306565.0,1300,CNG,Manual,Hatchback,Karachi,485000
Honda,BRV,2015,151099.0,1500,Petrol,Automatic,SUV,Hyderabad,2639000
Toyota,Vitz,2021,21651.0,1000,Petrol,Manual,Hatchback,Lahore,2423000
Suzuki,Mehran,2023,39367.0,800,CNG,Manual,Hatchback,Sialkot,1518000
Honda,HRV,2011,152213.0,1500,Petrol,Automatic,SUV,Multan,2137000
MG,ZS,2007,222845.0,1500,Petrol,Automatic,SUV,Peshawar,1244000
Hyundai,Santro,2023,60005.0,1000,Petrol,Automatic,Hatchback,Faisalabad,2333000
Honda,Civic,2011,195006.0,1500,Petrol,Manual,Sedan,khi,1961000
Honda,Accord,2011,145568.0,2400,CNG,Automatic,Sedan,Karachi,1113000
Honda,HRV,2024,3000.0,1500,Diesel,Automatic,SUV,Peshawar,7409000
Kia,Picanto,2014,146597.0,1000,CNG,Automatic,Hatchback,Peshawar,1248000
Toyota,Hilux,2006,254364.0,2800,Petrol,Automatic,Pickup,Quetta,1873000
Kia,Picanto,2007,272291.0,1000,CNG,Automatic,Hatchback,Quetta,596000
Honda,BRV,2017,149760.0,1500,Diesel,Automatic,SUV,Islamabad,2927000
Kia,Sorento,2015,146196.0,2500,Diesel,Automatic,SUV,Sialkot,4559000
Toyota,Yaris,2019,55456.0,1300,Petrol,Automatic,Sedan,Sialkot,2635000
Honda,Vezel,2005,244269.0,1500,Hybrid,Automatic,Hybrid,Rawalpindi,916000
Nissan,Dayz,2018,110816.0,660,CNG,Manual,Hatchback,Sialkot,958000
Daihatsu,Mira,2023,36173.0,660,Petrol,Manual,Hatchback,Rawalpindi,2390000
Daihatsu,Mira,2014,159269.0,660,Petrol,Manual,Hatchback,Rawalpindi,852000
Kia,Stonic,2014,149066.0,1400,Petrol,Automatic,SUV,Multan,1941000
Nissan,Dayz,2021,73072.0,660,CNG,Manual,Hatchback,Peshawar,1246000
Suzuki,Swift,2015,170177.0,1200,Petrol,Automatic,Hatchback,Quetta,1646000
MG,ZS,2013,164719.0,1500,Diesel,Manual,SUV,Multan,1886000
Toyota,LandCruiser,2004,268276.0,3300,Diesel,Automatic,SUV,Faisalabad,6198000
Toyota,Aqua,2005,308777.0,1500,Hybrid,Automatic,Hybrid,Islamabad,723000
Changan,Alsvin,2023,18887.0,1400,CNG,Automatic,Sedan,Peshawar,3498000
MG,HS,2022,39706.0,1500,Diesel,Manual,SUV,Quetta,6497000
Suzuki,Alto,2012,177608.0,660,Petrol,Manual,Hatchback,Peshawar,631000
Chery,Tiggo4,2006,258782.0,1500,Diesel,Automatic,SUV,Sialkot,788000
Suzuki,Bolan,2005,248909.0,800,CNG,Manual,Van,Islamabad,400000
Toyota,Passo,2010,256867.0,1000,Petrol,Automatic,Hatchback,Peshawar,662000
Suzuki,WagonR,2008,213454.0,1000,CNG,Manual,Hatchback,Sialkot,611000
Suzuki,Cultus,2013,155449.0,1000,CNG,Automatic,Hatchback,Hyderabad,1265000
Toyota,Fortuner,2013,176549.0,2800,Diesel,Automatic,SUV,Rawalpindi,4806000
Suzuki,Liana,2004,289637.0,1300,CNG,Manual,Sedan,Peshawar,473000
Hyundai,Elantra,2006,277126.0,1600,Petrol,Manual,Sedan,Lahore,1042000
Toyota,Premio,2017,137122.0,1800,Petrol,Automatic,Sedan,Rawalpindi,1859000
Honda,Vezel,2019,74175.0,1500,Hybrid,Automatic,Hybrid,khi,3061000
Toyota,Premio,2023,53401.0,1800,Petrol,Automatic,Sedan,Quetta,2965000
Nissan,Note,2007,269380.0,1200,Petrol,Automatic,Hatchback,Islamabad,492000
Suzuki,Liana,2020,73990.0,1300,CNG,Automatic,Sedan,Quetta,2147000
Changan,Alsvin,2009,198388.0,1400,Petrol,Automatic,Sedan,Karachi,925000
Suzuki,Margalla,2005,228884.0,1300,CNG,Automatic,Sedan,Sialkot,457000
Kia,Picanto,2019,101089.0,1000,Petrol,Manual,Hatchback,Quetta,1628000
Suzuki,Mehran,2019,42711.0,800,Petrol,Manual,Hatchback,Faisalabad,1260000
Suzuki,Bolan,2012,142180.0,800,Petrol,Manual,Van,Islamabad,596000
Toyota,Yaris,2019,116560.0,1300,CNG,Manual,Sedan,Rawalpindi,2365000
Toyota,Prado,2006,318191.0,2700,Diesel,Automatic,SUV,Hyderabad,3824000
Hyundai,Elantra,2010,195678.0,1600,Petrol,Automatic,Sedan,Hyderabad,1535000
Kia,Stonic,2013,158691.0,1400,Diesel,Manual,SUV,Peshawar,1728000
Toyota,LandCruiser,2013,178974.0,3300,Petrol,Automatic,SUV,Sialkot,12041000
Toyota,Prado,2019,126967.0,2700,Diesel,Automatic,SUV,Multan,13382000
Kia,Sportage,2020,65481.0,2000,Diesel,Automatic,SUV,Lahore,5622000
Suzuki,Margalla,2016,134572.0,1300,CNG,Automatic,Sedan,Faisalabad,1315000
Toyota,Aqua,2010,217676.0,1500,Hybrid,Automatic,Hybrid,Karachi,910000
Suzuki,Bolan,2017,121218.0,800,CNG,Manual,Van,Peshawar,882000
Toyota,Yaris,2019,89939.0,1300,Petrol,Automatic,Sedan,Peshawar,2557000
Toyota,LandCruiser,2006,232042.0,3300,Petrol,Automatic,SUV,Quetta,7979000
Daihatsu,Move,2013,181780.0,660,Petrol,Manual,Hatchback,Multan,708000
Suzuki,Ravi,2021,8620.0,800,Diesel,Manual,Pickup,Peshawar,1488000
Kia,Picanto,2013,143648.0,1000,Petrol,Manual,Hatchback,Quetta,1020000
Toyota,Passo,2016,127875.0,1000,Petrol,Manual,Hatchback,Karachi,1268000
Suzuki,Mehran,2024,31141.0,800,CNG,Manual,Hatchback,Islamabad,1593000
Nissan,Note,2006,262262.0,1200,Petrol,Manual,Hatchback,Quetta,400000
Honda,HRV,2024,9643.0,1500,Diesel,Manual,SUV,Lahore,6909000
Toyota,Prius,2018,86396.0,1800,Hybrid,Automatic,Hybrid,Peshawar,3242000
Changan,Alsvin,2024,32535.0,1400,CNG,Automatic,Sedan,Multan,3908000
Honda,Accord,2007,216899.0,2400,CNG,Manual,Sedan,Islamabad,855000
Honda,HRV,2012,208711.0,1500,Petrol,Automatic,SUV,Sialkot,1858000
Suzuki,Khyber,2012,,1000,CNG,Automatic,Hatchback,Lahore,777000
Toyota,Prado,2015,144292.0,2700,Petrol,Automatic,SUV,Hyderabad,9227000
Toyota,Prius,2010,256430.0,1800,Hybrid,Automatic,Hybrid,Faisalabad,1396000
Toyota,Corolla,2017,107508.0,1600,Petrol,Manual,Sedan,Sialkot,2790000
Toyota,Vitz,2007,276908.0,1000,Petrol,Automatic,Hatchback,Faisalabad,628000
Daihatsu,Cuore,2021,33575.0,850,CNG,Automatic,Hatchback,Rawalpindi,1256000
Suzuki,Cultus,2007,228919.0,1000,Petrol,Manual,Hatchback,Peshawar,592000
Hyundai,Tucson,2017,114059.0,2000,Petrol,Automatic,SUV,Rawalpindi,3257000
Suzuki,WagonR,2010,193583.0,1000,CNG,Automatic,Hatchback,Karachi,719000
Toyota,Aqua,2010,171229.0,1500,Hybrid,Automatic,Hybrid,Karachi,930000
MG,ZS,2018,105456.0,1500,Petrol,Manual,SUV,Peshawar,2926000
Suzuki,Ravi,2020,116677.0,800,Petrol,Manual,Pickup,Faisalabad,1080000
Nissan,Dayz,2007,284803.0,660,Petrol,Manual,Hatchback,Peshawar,419000
Honda,Vezel,2020,73268.0,1500,Hybrid,Automatic,Hybrid,Hyderabad,3693000
Suzuki,Liana,2011,195349.0,1300,Petrol,Manual,Sedan,Rawalpindi,768000
Proton,Saga,2022,9269.0,1300,CNG,Automatic,Sedan,Lahore,2887000
Kia,Sportage,2016,148295.0,2000,Petrol,Automatic,SUV,Karachi,3147000
Changan,Oshan,2018,91879.0,1500,Petrol,Automatic,SUV,Rawalpindi,4179000
Honda,City,2023,74187.0,1500,Petrol,Manual,Sedan,Karachi,4056000
Suzuki,Alto,2014,164338.0,660,CNG,Manual,Hatchback,Peshawar,825000
Hyundai,Elantra,2006,287112.0,1600,Petrol,Automatic,Sedan,Quetta,1281000
Hyundai,Sonata,2010,192747.0,2000,CNG,Manual,Sedan,Peshawar,2225000
Suzuki,Cultus,2022,29309.0,1000,CNG,Automatic,Hatchback,Islamabad,3092000
Hyundai,Santro,2021,99674.0,1000,Petrol,Manual,Hatchback,Lahore,1917000
Suzuki,Cultus,2024,25297.0,1000,Petrol,Manual,Hatchback,Islamabad,3521000
Suzuki,Mehran,2024,19685.0,800,Petrol,Manual,Hatchback,Sialkot,1856000
Toyota,Aqua,2023,71618.0,1500,Hybrid,Automatic,Hybrid,Quetta,3178000
Chery,Tiggo8,2005,276999.0,1600,Petrol,Automatic,SUV,Quetta,1365000
Honda,HRV,2023,65782.0,1500,Diesel,Automatic,SUV,Peshawar,6207000
Suzuki,Baleno,2008,228012.0,1300,CNG,Manual,Hatchback,Karachi,493000
Honda,Accord,2016,,2400,Petrol,Manual,Sedan,Faisalabad,1433000
Daihatsu,Cuore,2010,203281.0,850,Petrol,Automatic,Hatchback,Hyderabad,400000
Suzuki,Cultus,2016,116895.0,1000,CNG,Manual,Hatchback,Sialkot,1468000
Hyundai,Santro,2009,276353.0,1000,CNG,Manual,Hatchback,Sialkot,577000
MG,HS,2015,125853.0,1500,Petrol,Manual,SUV,Multan,3163000
Chery,Tiggo4,2008,209872.0,1500,Diesel,Automatic,SUV,Lahore ,942000
Daihatsu,Mira,2013,165818.0,660,CNG,Manual,Hatchback,Multan,710000
Suzuki,Alto,2011,252746.0,660,CNG,Manual,Hatchback,Sialkot,581000
Changan,Alsvin,2006,226936.0,1400,Petrol,Automatic,Sedan,Lahore,687000
Kia,Sportage,2008,219678.0,2000,Diesel,Automatic,SUV,Quetta,1811000
Kia,Picanto,2018,56623.0,1000,CNG,Manual,Hatchback,Karachi,1590000
Suzuki,WagonR,2020,66441.0,1000,CNG,Automatic,Hatchback,Hyderabad,2004000
Honda,City,2020,94704.0,1500,Petrol,Manual,Sedan,Karachi,2808000
Suzuki,WagonR,2015,129768.0,1000,Petrol,Automatic,Hatchback,Hyderabad,1228000
Suzuki,Swift,2016,138692.0,1200,CNG,Automatic,Hatchback,Multan,1786000
Toyota,LandCruiser,2022,47290.0,3300,Diesel,Automatic,SUV,Multan,38309000
MG,ZS,2015,103491.0,1500,Petrol,Manual,SUV,Multan,2505000
Hyundai,Santro,2014,146663.0,1000,Petrol,Automatic,Hatchback,Peshawar,965000
Chery,Tiggo4,2010,233068.0,1500,Diesel,Manual,SUV,Multan,1057000
Daihatsu,Mira,2005,280222.0,660,Petrol,Manual,Hatchback,Sialkot,412000
Toyota,Passo,2011,170068.0,1000,Petrol,Automatic,Hatchback,Lahore,716000
Kia,Picanto,2016,103702.0,1000,Petrol,Manual,Hatchback,Karachi,1334000
MG,HS,2017,90971.0,1500,Diesel,Manual,SUV,Multan,4525000
Suzuki,Jimny,2010,192035.0,1500,Diesel,Manual,SUV,Faisalabad,1431000
MG,HS,2010,212117.0,1500,Diesel,Manual,SUV,Hyderabad,1777000
Toyota,Prius,2015,114302.0,1800,Hybrid,Automatic,Hybrid,Peshawar,1984000
MG,HS,2016,154153.0,1500,Petrol,Manual,SUV,Islamabad,3354000
Daihatsu,Move,2019,154462.0,660,CNG,Manual,Hatchback,Sialkot,1342000
Daihatsu,Move,2023,42705.0,660,CNG,Manual,Hatchback,Karachi,2234000
Changan,Alsvin,2010,166132.0,1400,CNG,Automatic,Sedan,Multan,919000
Nissan,Dayz,2007,223421.0,660,CNG,Manual,Hatchback,Rawalpindi,400000
Toyota,Fortuner,2006,259210.0,2800,Diesel,Automatic,SUV,Faisalabad,3350000
Toyota,Corolla,2006,274302.0,1600,Petrol,Manual,Sedan,Peshawar,1164000
Changan,Alsvin,2020,90647.0,1400,Petrol,Automatic,Sedan,Sialkot,2261000
Hyundai,Tucson,2014,92058.0,2000,Petrol,Automatic,SUV,Quetta,3078000
Suzuki,Cultus,2010,230167.0,1000,Petrol,Automatic,Hatchback,Quetta,895000
Suzuki,Liana,2013,182554.0,1300,CNG,Automatic,Sedan,Hyderabad,1131000
Hyundai,Santro,2016,103817.0,1000,Petrol,Automatic,Hatchback,Rawalpindi,1324000
Changan,Oshan,2017,118540.0,1500,Petrol,Manual,SUV,Lahore,3188000
Proton,X70,2004,267784.0,1500,Diesel,Manual,SUV,Peshawar,1242000
Suzuki,WagonR,2019,,1000,Petrol,Manual,Hatchback,Lahore,1688000
MG,ZS,2014,108860.0,1500,Diesel,Automatic,SUV,Quetta,2300000
Suzuki,Liana,2023,36061.0,1300,Petrol,Manual,Sedan,Karachi,2585000
Honda,Accord,2017,112281.0,2400,CNG,Manual,Sedan,Islamabad,1426000
Toyota,Premio,2006,252104.0,1800,Petrol,Automatic,Sedan,Hyderabad,491000
Toyota,Hilux,2010,209315.0,2800,Diesel,Automatic,Pickup,Islamabad,2830000
Proton,Saga,2023,22456.0,1300,CNG,Automatic,Sedan,Quetta,3207000
Toyota,Passo,2017,83910.0,1000,CNG,Manual,Hatchback,Multan,1528000
Nissan,Note,2020,105036.0,1200,CNG,Manual,Hatchback,Hyderabad,799000
Daihatsu,Move,2024,45448.0,660,Petrol,Manual,Hatchback,Multan,2578000
Suzuki,Liana,2004,219707.0,1300,CNG,Manual,Sedan,Sialkot,400000
Suzuki,Baleno,2015,75404.0,1300,Petrol,Automatic,Hatchback,Faisalabad,1160000
Honda,HRV,2017,176816.0,1500,Petrol,Manual,SUV,Karachi,2643000
Honda,BRV,2023,8674.0,1500,Diesel,Automatic,SUV,Peshawar,5922000
Suzuki,Ravi,2009,187390.0,800,Diesel,Manual,Pickup,Quetta,419000
Proton,Saga,2014,148526.0,1300,Petrol,Manual,Sedan,Peshawar,1026000
Toyota,Aqua,2015,185748.0,1500,Hybrid,Automatic,Hybrid,Faisalabad,1320000
MG,ZS,2010,216800.0,1500,Petrol,Manual,SUV,Lahore,1406000
Toyota,Premio,2021,55102.0,1800,Petrol,Automatic,Sedan,Sialkot,2356000
Suzuki,Baleno,2012,165192.0,1300,CNG,Automatic,Hatchback,Karachi,732000
Suzuki,Margalla,2010,215677.0,1300,CNG,Manual,Sedan,Rawalpindi,634000
Toyota,Prius,2017,83598.0,1800,Hybrid,Automatic,Hybrid,Hyderabad,2724000
Hyundai,Elantra,2018,104264.0,1600,Petrol,Manual,Sedan,Quetta,3458000
Toyota,Prius,2022,67835.0,1800,Hybrid,Automatic,Hybrid,Quetta,4476000
Honda,Civic,2010,164834.0,1500,Petrol,Automatic,Sedan,Hyderabad,2008000
Honda,Vezel,2020,85268.0,1500,Hybrid,Automatic,Hybrid,Lahore,3516000
Daihatsu,Move,2021,54163.0,660,CNG,Manual,Hatchback,Karachi,1981000
Suzuki,Margalla,2017,69701.0,1300,Petrol,Manual,Sedan,Hyderabad,1553000
Suzuki,Vitara,2005,262741.0,1600,Diesel,Manual,SUV,Sialkot,1042000
Suzuki,Jimny,2024,45894.0,1500,Diesel,Automatic,SUV,Rawalpindi,5869000
Honda,BRV,2011,178293.0,1500,Diesel,Automatic,SUV,Peshawar,1914000
Honda,BRV,2022,62508.0,1500,Petrol,Automatic,SUV,Hyderabad,4676000
Honda,HRV,2010,200512.0,1500,Diesel,Automatic,SUV,Islamabad,1815000
Hyundai,Santro,2014,133932.0,1000,Petrol,Automatic,Hatchback,Sialkot,953000
Kia,Sportage,2007,271892.0,2000,Petrol,Automatic,SUV,Karachi,1750000
Hyundai,Elantra,2019,74273.0,1600,Petrol,Manual,Sedan,Lahore,4788000
Suzuki,Jimny,2004,,1500,Petrol,Automatic,SUV,Peshawar,984000
Honda,Accord,2008,230974.0,2400,Petrol,Automatic,Sedan,Peshawar,675000
Suzuki,Liana,2016,131949.0,1300,CNG,Automatic,Sedan,Karachi,1546000
Suzuki,WagonR,2018,111253.0,1000,Petrol,Automatic,Hatchback,Sialkot,1598000
Toyota,Corolla,2013,130409.0,1600,CNG,Manual,Sedan,Lahore,2095000
Toyota,Prado,2016,159789.0,2700,Petrol,Automatic,SUV,Multan,9386000
Suzuki,Margalla,2017,76637.0,1300,Petrol,Automatic,Sedan,Islamabad,1520000
Kia,Picanto,2017,151558.0,1000,CNG,Automatic,Hatchback,Karachi,1637000
Daihatsu,Mira,2024,24217.0,660,CNG,Manual,Hatchback,Multan,2364000
Chery,Tiggo4,2021,80157.0,1500,Petrol,Manual,SUV,Rawalpindi,3135000
Toyota,Corolla,2016,113791.0,1600,CNG,Manual,Sedan,Islamabad,2790000
Kia,Sportage,2013,157451.0,2000,Petrol,Automatic,SUV,Hyderabad,3029000
Honda,Civic,2024,20236.0,1500,CNG,Manual,Sedan,Multan,6820000
Hyundai,Elantra,2007,221131.0,1600,Petrol,Manual,Sedan,Islamabad,1285000
Honda,Vezel,2017,128992.0,1500,Hybrid,Automatic,Hybrid,Peshawar,2576000
MG,ZS,2011,233747.0,1500,Petrol,Manual,SUV,Multan,1433000
Hyundai,Elantra,2006,252191.0,1600,Petrol,Manual,Sedan,Islamabad,1218000
Suzuki,Baleno,2007,241706.0,1300,Petrol,Automatic,Hatchback,Rawalpindi,514000
Suzuki,Bolan,2005,309986.0,800,CNG,Manual,Van,Rawalpindi,400000
Proton,Saga,2007,270164.0,1300,Petrol,Manual,Sedan,Rawalpindi,574000
Honda,BRV,2019,70642.0,1500,Diesel,Automatic,SUV,Sialkot,4219000
Daihatsu,Move,2017,96818.0,660,CNG,Manual,Hatchback,Karachi,1543000
Honda,Civic,2014,210971.0,1500,CNG,Automatic,Sedan,Sialkot,2380000
MG,ZS,2015,177085.0,1500,Petrol,Manual,SUV,Multan,1859000
Suzuki,Margalla,2021,74835.0,1300,CNG,Automatic,Sedan,Hyderabad,2394000
Toyota,Passo,2017,70592.0,1000,CNG,Manual,Hatchback,Rawalpindi,1423000
Toyota,Corolla,2014,174736.0,1600,CNG,Automatic,Sedan,Lahore,2215000
Daihatsu,Move,2006,259672.0,660,CNG,Manual,Hatchback,Rawalpindi,535000
Suzuki,Vitara,2010,223990.0,1600,Diesel,Manual,SUV,Lahore,1655000
